name,timestamp,total_Runtime,run,cache,saveTime,queryStr,loadTime,saveMode,output,queryTime,input,numPartitions,spark.driver.host,spark.driver.port,spark.jars,spark.app.name,spark.executor.id,spark.submit.deployMode,spark.master,spark.app.id,description
sql,1552939693356,2502277938,0,false,0,select input.c1 from input where input.c1 < -0.9,303912548,error,"",2198365390,/tmp/spark-bench-test/kmeans-data.parquet,"",spark-master,44457,file:/usr/spark-bench/spark-bench_2.3.0_0.4.0-RELEASE/lib/spark-bench-2.3.0_0.4.0-RELEASE.jar,com.ibm.sparktc.sparkbench.cli.CLIKickoff,driver,client,spark://spark-master:7077,app-20190318200803-0001,Read data from data source
sql,1552939697012,1440587060,1,false,0,select input.c1 from input where input.c1 < -0.9,1336458004,error,"",104129056,/tmp/spark-bench-test/kmeans-data.parquet,"",spark-master,44457,file:/usr/spark-bench/spark-bench_2.3.0_0.4.0-RELEASE/lib/spark-bench-2.3.0_0.4.0-RELEASE.jar,com.ibm.sparktc.sparkbench.cli.CLIKickoff,driver,client,spark://spark-master:7077,app-20190318200803-0001,Read data from data source
sql,1552939701858,1498222739,2,false,0,select input.c1 from input where input.c1 < -0.9,1372165553,error,"",126057186,/tmp/spark-bench-test/kmeans-data.parquet,"",spark-master,44457,file:/usr/spark-bench/spark-bench_2.3.0_0.4.0-RELEASE/lib/spark-bench-2.3.0_0.4.0-RELEASE.jar,com.ibm.sparktc.sparkbench.cli.CLIKickoff,driver,client,spark://spark-master:7077,app-20190318200803-0001,Read data from data source
sql,1552939704719,735521246,3,false,0,select input.c1 from input where input.c1 < -0.9,643195077,error,"",92326169,/tmp/spark-bench-test/kmeans-data.parquet,"",spark-master,44457,file:/usr/spark-bench/spark-bench_2.3.0_0.4.0-RELEASE/lib/spark-bench-2.3.0_0.4.0-RELEASE.jar,com.ibm.sparktc.sparkbench.cli.CLIKickoff,driver,client,spark://spark-master:7077,app-20190318200803-0001,Read data from data source
sql,1552939706951,1548831703,4,false,0,select input.c1 from input where input.c1 < -0.9,1527892108,error,"",20939595,/tmp/spark-bench-test/kmeans-data.parquet,"",spark-master,44457,file:/usr/spark-bench/spark-bench_2.3.0_0.4.0-RELEASE/lib/spark-bench-2.3.0_0.4.0-RELEASE.jar,com.ibm.sparktc.sparkbench.cli.CLIKickoff,driver,client,spark://spark-master:7077,app-20190318200803-0001,Read data from data source
sql,1552939708948,1124910864,5,false,0,select input.c1 from input where input.c1 < -0.9,1073330810,error,"",51580054,/tmp/spark-bench-test/kmeans-data.parquet,"",spark-master,44457,file:/usr/spark-bench/spark-bench_2.3.0_0.4.0-RELEASE/lib/spark-bench-2.3.0_0.4.0-RELEASE.jar,com.ibm.sparktc.sparkbench.cli.CLIKickoff,driver,client,spark://spark-master:7077,app-20190318200803-0001,Read data from data source
sql,1552939711260,1195416214,6,false,0,select input.c1 from input where input.c1 < -0.9,1101587847,error,"",93828367,/tmp/spark-bench-test/kmeans-data.parquet,"",spark-master,44457,file:/usr/spark-bench/spark-bench_2.3.0_0.4.0-RELEASE/lib/spark-bench-2.3.0_0.4.0-RELEASE.jar,com.ibm.sparktc.sparkbench.cli.CLIKickoff,driver,client,spark://spark-master:7077,app-20190318200803-0001,Read data from data source
sql,1552939713382,1168159676,7,false,0,select input.c1 from input where input.c1 < -0.9,1124105876,error,"",44053800,/tmp/spark-bench-test/kmeans-data.parquet,"",spark-master,44457,file:/usr/spark-bench/spark-bench_2.3.0_0.4.0-RELEASE/lib/spark-bench-2.3.0_0.4.0-RELEASE.jar,com.ibm.sparktc.sparkbench.cli.CLIKickoff,driver,client,spark://spark-master:7077,app-20190318200803-0001,Read data from data source
sql,1552939715721,627724576,8,false,0,select input.c1 from input where input.c1 < -0.9,578112504,error,"",49612072,/tmp/spark-bench-test/kmeans-data.parquet,"",spark-master,44457,file:/usr/spark-bench/spark-bench_2.3.0_0.4.0-RELEASE/lib/spark-bench-2.3.0_0.4.0-RELEASE.jar,com.ibm.sparktc.sparkbench.cli.CLIKickoff,driver,client,spark://spark-master:7077,app-20190318200803-0001,Read data from data source
sql,1552939717329,1167025639,9,false,0,select input.c1 from input where input.c1 < -0.9,1113791564,error,"",53234075,/tmp/spark-bench-test/kmeans-data.parquet,"",spark-master,44457,file:/usr/spark-bench/spark-bench_2.3.0_0.4.0-RELEASE/lib/spark-bench-2.3.0_0.4.0-RELEASE.jar,com.ibm.sparktc.sparkbench.cli.CLIKickoff,driver,client,spark://spark-master:7077,app-20190318200803-0001,Read data from data source
sql,1552939719685,1213478795,10,false,0,select input.c1 from input where input.c1 < -0.9,1035675298,error,"",177803497,/tmp/spark-bench-test/kmeans-data.parquet,"",spark-master,44457,file:/usr/spark-bench/spark-bench_2.3.0_0.4.0-RELEASE/lib/spark-bench-2.3.0_0.4.0-RELEASE.jar,com.ibm.sparktc.sparkbench.cli.CLIKickoff,driver,client,spark://spark-master:7077,app-20190318200803-0001,Read data from data source
sql,1552939721994,216320807,11,false,0,select input.c1 from input where input.c1 < -0.9,182862952,error,"",33457855,/tmp/spark-bench-test/kmeans-data.parquet,"",spark-master,44457,file:/usr/spark-bench/spark-bench_2.3.0_0.4.0-RELEASE/lib/spark-bench-2.3.0_0.4.0-RELEASE.jar,com.ibm.sparktc.sparkbench.cli.CLIKickoff,driver,client,spark://spark-master:7077,app-20190318200803-0001,Read data from data source
sql,1552939722782,621082010,12,false,0,select input.c1 from input where input.c1 < -0.9,585727006,error,"",35355004,/tmp/spark-bench-test/kmeans-data.parquet,"",spark-master,44457,file:/usr/spark-bench/spark-bench_2.3.0_0.4.0-RELEASE/lib/spark-bench-2.3.0_0.4.0-RELEASE.jar,com.ibm.sparktc.sparkbench.cli.CLIKickoff,driver,client,spark://spark-master:7077,app-20190318200803-0001,Read data from data source
sql,1552939723881,310974717,13,false,0,select input.c1 from input where input.c1 < -0.9,286428925,error,"",24545792,/tmp/spark-bench-test/kmeans-data.parquet,"",spark-master,44457,file:/usr/spark-bench/spark-bench_2.3.0_0.4.0-RELEASE/lib/spark-bench-2.3.0_0.4.0-RELEASE.jar,com.ibm.sparktc.sparkbench.cli.CLIKickoff,driver,client,spark://spark-master:7077,app-20190318200803-0001,Read data from data source
sql,1552939724797,221780645,14,false,0,select input.c1 from input where input.c1 < -0.9,203354685,error,"",18425960,/tmp/spark-bench-test/kmeans-data.parquet,"",spark-master,44457,file:/usr/spark-bench/spark-bench_2.3.0_0.4.0-RELEASE/lib/spark-bench-2.3.0_0.4.0-RELEASE.jar,com.ibm.sparktc.sparkbench.cli.CLIKickoff,driver,client,spark://spark-master:7077,app-20190318200803-0001,Read data from data source
sql,1552939725413,251940150,15,false,0,select input.c1 from input where input.c1 < -0.9,240896810,error,"",11043340,/tmp/spark-bench-test/kmeans-data.parquet,"",spark-master,44457,file:/usr/spark-bench/spark-bench_2.3.0_0.4.0-RELEASE/lib/spark-bench-2.3.0_0.4.0-RELEASE.jar,com.ibm.sparktc.sparkbench.cli.CLIKickoff,driver,client,spark://spark-master:7077,app-20190318200803-0001,Read data from data source
sql,1552939726370,239230574,16,false,0,select input.c1 from input where input.c1 < -0.9,218292840,error,"",20937734,/tmp/spark-bench-test/kmeans-data.parquet,"",spark-master,44457,file:/usr/spark-bench/spark-bench_2.3.0_0.4.0-RELEASE/lib/spark-bench-2.3.0_0.4.0-RELEASE.jar,com.ibm.sparktc.sparkbench.cli.CLIKickoff,driver,client,spark://spark-master:7077,app-20190318200803-0001,Read data from data source
sql,1552939727120,307675493,17,false,0,select input.c1 from input where input.c1 < -0.9,276740312,error,"",30935181,/tmp/spark-bench-test/kmeans-data.parquet,"",spark-master,44457,file:/usr/spark-bench/spark-bench_2.3.0_0.4.0-RELEASE/lib/spark-bench-2.3.0_0.4.0-RELEASE.jar,com.ibm.sparktc.sparkbench.cli.CLIKickoff,driver,client,spark://spark-master:7077,app-20190318200803-0001,Read data from data source
sql,1552939727750,267540817,18,false,0,select input.c1 from input where input.c1 < -0.9,190054516,error,"",77486301,/tmp/spark-bench-test/kmeans-data.parquet,"",spark-master,44457,file:/usr/spark-bench/spark-bench_2.3.0_0.4.0-RELEASE/lib/spark-bench-2.3.0_0.4.0-RELEASE.jar,com.ibm.sparktc.sparkbench.cli.CLIKickoff,driver,client,spark://spark-master:7077,app-20190318200803-0001,Read data from data source
sql,1552939728344,270707615,19,false,0,select input.c1 from input where input.c1 < -0.9,238224475,error,"",32483140,/tmp/spark-bench-test/kmeans-data.parquet,"",spark-master,44457,file:/usr/spark-bench/spark-bench_2.3.0_0.4.0-RELEASE/lib/spark-bench-2.3.0_0.4.0-RELEASE.jar,com.ibm.sparktc.sparkbench.cli.CLIKickoff,driver,client,spark://spark-master:7077,app-20190318200803-0001,Read data from data source
sql,1552939728887,384492026,20,false,0,select input.c1 from input where input.c1 < -0.9,322834268,error,"",61657758,/tmp/spark-bench-test/kmeans-data.parquet,"",spark-master,44457,file:/usr/spark-bench/spark-bench_2.3.0_0.4.0-RELEASE/lib/spark-bench-2.3.0_0.4.0-RELEASE.jar,com.ibm.sparktc.sparkbench.cli.CLIKickoff,driver,client,spark://spark-master:7077,app-20190318200803-0001,Read data from data source
sql,1552939729655,220746970,21,false,0,select input.c1 from input where input.c1 < -0.9,201960880,error,"",18786090,/tmp/spark-bench-test/kmeans-data.parquet,"",spark-master,44457,file:/usr/spark-bench/spark-bench_2.3.0_0.4.0-RELEASE/lib/spark-bench-2.3.0_0.4.0-RELEASE.jar,com.ibm.sparktc.sparkbench.cli.CLIKickoff,driver,client,spark://spark-master:7077,app-20190318200803-0001,Read data from data source
sql,1552939730263,296352472,22,false,0,select input.c1 from input where input.c1 < -0.9,277800281,error,"",18552191,/tmp/spark-bench-test/kmeans-data.parquet,"",spark-master,44457,file:/usr/spark-bench/spark-bench_2.3.0_0.4.0-RELEASE/lib/spark-bench-2.3.0_0.4.0-RELEASE.jar,com.ibm.sparktc.sparkbench.cli.CLIKickoff,driver,client,spark://spark-master:7077,app-20190318200803-0001,Read data from data source
sql,1552939730803,307173108,23,false,0,select input.c1 from input where input.c1 < -0.9,287679922,error,"",19493186,/tmp/spark-bench-test/kmeans-data.parquet,"",spark-master,44457,file:/usr/spark-bench/spark-bench_2.3.0_0.4.0-RELEASE/lib/spark-bench-2.3.0_0.4.0-RELEASE.jar,com.ibm.sparktc.sparkbench.cli.CLIKickoff,driver,client,spark://spark-master:7077,app-20190318200803-0001,Read data from data source
sql,1552939731292,405299474,24,false,0,select input.c1 from input where input.c1 < -0.9,378558863,error,"",26740611,/tmp/spark-bench-test/kmeans-data.parquet,"",spark-master,44457,file:/usr/spark-bench/spark-bench_2.3.0_0.4.0-RELEASE/lib/spark-bench-2.3.0_0.4.0-RELEASE.jar,com.ibm.sparktc.sparkbench.cli.CLIKickoff,driver,client,spark://spark-master:7077,app-20190318200803-0001,Read data from data source
sql,1552939732152,403549582,25,false,0,select input.c1 from input where input.c1 < -0.9,344532638,error,"",59016944,/tmp/spark-bench-test/kmeans-data.parquet,"",spark-master,44457,file:/usr/spark-bench/spark-bench_2.3.0_0.4.0-RELEASE/lib/spark-bench-2.3.0_0.4.0-RELEASE.jar,com.ibm.sparktc.sparkbench.cli.CLIKickoff,driver,client,spark://spark-master:7077,app-20190318200803-0001,Read data from data source
sql,1552939732847,146892544,26,false,0,select input.c1 from input where input.c1 < -0.9,136303635,error,"",10588909,/tmp/spark-bench-test/kmeans-data.parquet,"",spark-master,44457,file:/usr/spark-bench/spark-bench_2.3.0_0.4.0-RELEASE/lib/spark-bench-2.3.0_0.4.0-RELEASE.jar,com.ibm.sparktc.sparkbench.cli.CLIKickoff,driver,client,spark://spark-master:7077,app-20190318200803-0001,Read data from data source
sql,1552939733196,192635739,27,false,0,select input.c1 from input where input.c1 < -0.9,178246957,error,"",14388782,/tmp/spark-bench-test/kmeans-data.parquet,"",spark-master,44457,file:/usr/spark-bench/spark-bench_2.3.0_0.4.0-RELEASE/lib/spark-bench-2.3.0_0.4.0-RELEASE.jar,com.ibm.sparktc.sparkbench.cli.CLIKickoff,driver,client,spark://spark-master:7077,app-20190318200803-0001,Read data from data source
sql,1552939733546,161848485,28,false,0,select input.c1 from input where input.c1 < -0.9,151840960,error,"",10007525,/tmp/spark-bench-test/kmeans-data.parquet,"",spark-master,44457,file:/usr/spark-bench/spark-bench_2.3.0_0.4.0-RELEASE/lib/spark-bench-2.3.0_0.4.0-RELEASE.jar,com.ibm.sparktc.sparkbench.cli.CLIKickoff,driver,client,spark://spark-master:7077,app-20190318200803-0001,Read data from data source
sql,1552939733951,160330649,29,false,0,select input.c1 from input where input.c1 < -0.9,144647001,error,"",15683648,/tmp/spark-bench-test/kmeans-data.parquet,"",spark-master,44457,file:/usr/spark-bench/spark-bench_2.3.0_0.4.0-RELEASE/lib/spark-bench-2.3.0_0.4.0-RELEASE.jar,com.ibm.sparktc.sparkbench.cli.CLIKickoff,driver,client,spark://spark-master:7077,app-20190318200803-0001,Read data from data source
sql,1552939734343,212877318,30,false,0,select input.c1 from input where input.c1 < -0.9,201106989,error,"",11770329,/tmp/spark-bench-test/kmeans-data.parquet,"",spark-master,44457,file:/usr/spark-bench/spark-bench_2.3.0_0.4.0-RELEASE/lib/spark-bench-2.3.0_0.4.0-RELEASE.jar,com.ibm.sparktc.sparkbench.cli.CLIKickoff,driver,client,spark://spark-master:7077,app-20190318200803-0001,Read data from data source
sql,1552939734816,135536270,31,false,0,select input.c1 from input where input.c1 < -0.9,127908659,error,"",7627611,/tmp/spark-bench-test/kmeans-data.parquet,"",spark-master,44457,file:/usr/spark-bench/spark-bench_2.3.0_0.4.0-RELEASE/lib/spark-bench-2.3.0_0.4.0-RELEASE.jar,com.ibm.sparktc.sparkbench.cli.CLIKickoff,driver,client,spark://spark-master:7077,app-20190318200803-0001,Read data from data source
sql,1552939735083,167741708,32,false,0,select input.c1 from input where input.c1 < -0.9,160653739,error,"",7087969,/tmp/spark-bench-test/kmeans-data.parquet,"",spark-master,44457,file:/usr/spark-bench/spark-bench_2.3.0_0.4.0-RELEASE/lib/spark-bench-2.3.0_0.4.0-RELEASE.jar,com.ibm.sparktc.sparkbench.cli.CLIKickoff,driver,client,spark://spark-master:7077,app-20190318200803-0001,Read data from data source
sql,1552939735451,135520045,33,false,0,select input.c1 from input where input.c1 < -0.9,123424799,error,"",12095246,/tmp/spark-bench-test/kmeans-data.parquet,"",spark-master,44457,file:/usr/spark-bench/spark-bench_2.3.0_0.4.0-RELEASE/lib/spark-bench-2.3.0_0.4.0-RELEASE.jar,com.ibm.sparktc.sparkbench.cli.CLIKickoff,driver,client,spark://spark-master:7077,app-20190318200803-0001,Read data from data source
sql,1552939735713,176676067,34,false,0,select input.c1 from input where input.c1 < -0.9,144269993,error,"",32406074,/tmp/spark-bench-test/kmeans-data.parquet,"",spark-master,44457,file:/usr/spark-bench/spark-bench_2.3.0_0.4.0-RELEASE/lib/spark-bench-2.3.0_0.4.0-RELEASE.jar,com.ibm.sparktc.sparkbench.cli.CLIKickoff,driver,client,spark://spark-master:7077,app-20190318200803-0001,Read data from data source
sql,1552939736044,172819681,35,false,0,select input.c1 from input where input.c1 < -0.9,154480777,error,"",18338904,/tmp/spark-bench-test/kmeans-data.parquet,"",spark-master,44457,file:/usr/spark-bench/spark-bench_2.3.0_0.4.0-RELEASE/lib/spark-bench-2.3.0_0.4.0-RELEASE.jar,com.ibm.sparktc.sparkbench.cli.CLIKickoff,driver,client,spark://spark-master:7077,app-20190318200803-0001,Read data from data source
sql,1552939736570,127369450,36,false,0,select input.c1 from input where input.c1 < -0.9,113665976,error,"",13703474,/tmp/spark-bench-test/kmeans-data.parquet,"",spark-master,44457,file:/usr/spark-bench/spark-bench_2.3.0_0.4.0-RELEASE/lib/spark-bench-2.3.0_0.4.0-RELEASE.jar,com.ibm.sparktc.sparkbench.cli.CLIKickoff,driver,client,spark://spark-master:7077,app-20190318200803-0001,Read data from data source
sql,1552939736904,144848695,37,false,0,select input.c1 from input where input.c1 < -0.9,124314683,error,"",20534012,/tmp/spark-bench-test/kmeans-data.parquet,"",spark-master,44457,file:/usr/spark-bench/spark-bench_2.3.0_0.4.0-RELEASE/lib/spark-bench-2.3.0_0.4.0-RELEASE.jar,com.ibm.sparktc.sparkbench.cli.CLIKickoff,driver,client,spark://spark-master:7077,app-20190318200803-0001,Read data from data source
sql,1552939737233,299098537,38,false,0,select input.c1 from input where input.c1 < -0.9,280784169,error,"",18314368,/tmp/spark-bench-test/kmeans-data.parquet,"",spark-master,44457,file:/usr/spark-bench/spark-bench_2.3.0_0.4.0-RELEASE/lib/spark-bench-2.3.0_0.4.0-RELEASE.jar,com.ibm.sparktc.sparkbench.cli.CLIKickoff,driver,client,spark://spark-master:7077,app-20190318200803-0001,Read data from data source
sql,1552939737946,496304243,39,false,0,select input.c1 from input where input.c1 < -0.9,484664818,error,"",11639425,/tmp/spark-bench-test/kmeans-data.parquet,"",spark-master,44457,file:/usr/spark-bench/spark-bench_2.3.0_0.4.0-RELEASE/lib/spark-bench-2.3.0_0.4.0-RELEASE.jar,com.ibm.sparktc.sparkbench.cli.CLIKickoff,driver,client,spark://spark-master:7077,app-20190318200803-0001,Read data from data source
sql,1552939738723,170899084,40,false,0,select input.c1 from input where input.c1 < -0.9,161055632,error,"",9843452,/tmp/spark-bench-test/kmeans-data.parquet,"",spark-master,44457,file:/usr/spark-bench/spark-bench_2.3.0_0.4.0-RELEASE/lib/spark-bench-2.3.0_0.4.0-RELEASE.jar,com.ibm.sparktc.sparkbench.cli.CLIKickoff,driver,client,spark://spark-master:7077,app-20190318200803-0001,Read data from data source
sql,1552939739307,109209283,41,false,0,select input.c1 from input where input.c1 < -0.9,89796129,error,"",19413154,/tmp/spark-bench-test/kmeans-data.parquet,"",spark-master,44457,file:/usr/spark-bench/spark-bench_2.3.0_0.4.0-RELEASE/lib/spark-bench-2.3.0_0.4.0-RELEASE.jar,com.ibm.sparktc.sparkbench.cli.CLIKickoff,driver,client,spark://spark-master:7077,app-20190318200803-0001,Read data from data source
sql,1552939739552,140301455,42,false,0,select input.c1 from input where input.c1 < -0.9,128298794,error,"",12002661,/tmp/spark-bench-test/kmeans-data.parquet,"",spark-master,44457,file:/usr/spark-bench/spark-bench_2.3.0_0.4.0-RELEASE/lib/spark-bench-2.3.0_0.4.0-RELEASE.jar,com.ibm.sparktc.sparkbench.cli.CLIKickoff,driver,client,spark://spark-master:7077,app-20190318200803-0001,Read data from data source
sql,1552939739881,154724635,43,false,0,select input.c1 from input where input.c1 < -0.9,140925307,error,"",13799328,/tmp/spark-bench-test/kmeans-data.parquet,"",spark-master,44457,file:/usr/spark-bench/spark-bench_2.3.0_0.4.0-RELEASE/lib/spark-bench-2.3.0_0.4.0-RELEASE.jar,com.ibm.sparktc.sparkbench.cli.CLIKickoff,driver,client,spark://spark-master:7077,app-20190318200803-0001,Read data from data source
sql,1552939740209,167039198,44,false,0,select input.c1 from input where input.c1 < -0.9,136922307,error,"",30116891,/tmp/spark-bench-test/kmeans-data.parquet,"",spark-master,44457,file:/usr/spark-bench/spark-bench_2.3.0_0.4.0-RELEASE/lib/spark-bench-2.3.0_0.4.0-RELEASE.jar,com.ibm.sparktc.sparkbench.cli.CLIKickoff,driver,client,spark://spark-master:7077,app-20190318200803-0001,Read data from data source
sql,1552939740535,169628132,45,false,0,select input.c1 from input where input.c1 < -0.9,118367935,error,"",51260197,/tmp/spark-bench-test/kmeans-data.parquet,"",spark-master,44457,file:/usr/spark-bench/spark-bench_2.3.0_0.4.0-RELEASE/lib/spark-bench-2.3.0_0.4.0-RELEASE.jar,com.ibm.sparktc.sparkbench.cli.CLIKickoff,driver,client,spark://spark-master:7077,app-20190318200803-0001,Read data from data source
sql,1552939741044,172839155,46,false,0,select input.c1 from input where input.c1 < -0.9,161326701,error,"",11512454,/tmp/spark-bench-test/kmeans-data.parquet,"",spark-master,44457,file:/usr/spark-bench/spark-bench_2.3.0_0.4.0-RELEASE/lib/spark-bench-2.3.0_0.4.0-RELEASE.jar,com.ibm.sparktc.sparkbench.cli.CLIKickoff,driver,client,spark://spark-master:7077,app-20190318200803-0001,Read data from data source
sql,1552939741346,140440323,47,false,0,select input.c1 from input where input.c1 < -0.9,119893135,error,"",20547188,/tmp/spark-bench-test/kmeans-data.parquet,"",spark-master,44457,file:/usr/spark-bench/spark-bench_2.3.0_0.4.0-RELEASE/lib/spark-bench-2.3.0_0.4.0-RELEASE.jar,com.ibm.sparktc.sparkbench.cli.CLIKickoff,driver,client,spark://spark-master:7077,app-20190318200803-0001,Read data from data source
sql,1552939741659,172828449,48,false,0,select input.c1 from input where input.c1 < -0.9,148255543,error,"",24572906,/tmp/spark-bench-test/kmeans-data.parquet,"",spark-master,44457,file:/usr/spark-bench/spark-bench_2.3.0_0.4.0-RELEASE/lib/spark-bench-2.3.0_0.4.0-RELEASE.jar,com.ibm.sparktc.sparkbench.cli.CLIKickoff,driver,client,spark://spark-master:7077,app-20190318200803-0001,Read data from data source
sql,1552939741998,183485865,49,false,0,select input.c1 from input where input.c1 < -0.9,175100785,error,"",8385080,/tmp/spark-bench-test/kmeans-data.parquet,"",spark-master,44457,file:/usr/spark-bench/spark-bench_2.3.0_0.4.0-RELEASE/lib/spark-bench-2.3.0_0.4.0-RELEASE.jar,com.ibm.sparktc.sparkbench.cli.CLIKickoff,driver,client,spark://spark-master:7077,app-20190318200803-0001,Read data from data source
sql,1552939742323,209175043,50,false,0,select input.c1 from input where input.c1 < -0.9,168009353,error,"",41165690,/tmp/spark-bench-test/kmeans-data.parquet,"",spark-master,44457,file:/usr/spark-bench/spark-bench_2.3.0_0.4.0-RELEASE/lib/spark-bench-2.3.0_0.4.0-RELEASE.jar,com.ibm.sparktc.sparkbench.cli.CLIKickoff,driver,client,spark://spark-master:7077,app-20190318200803-0001,Read data from data source
sql,1552939742821,129877210,51,false,0,select input.c1 from input where input.c1 < -0.9,101301098,error,"",28576112,/tmp/spark-bench-test/kmeans-data.parquet,"",spark-master,44457,file:/usr/spark-bench/spark-bench_2.3.0_0.4.0-RELEASE/lib/spark-bench-2.3.0_0.4.0-RELEASE.jar,com.ibm.sparktc.sparkbench.cli.CLIKickoff,driver,client,spark://spark-master:7077,app-20190318200803-0001,Read data from data source
sql,1552939743279,131723190,52,false,0,select input.c1 from input where input.c1 < -0.9,116014506,error,"",15708684,/tmp/spark-bench-test/kmeans-data.parquet,"",spark-master,44457,file:/usr/spark-bench/spark-bench_2.3.0_0.4.0-RELEASE/lib/spark-bench-2.3.0_0.4.0-RELEASE.jar,com.ibm.sparktc.sparkbench.cli.CLIKickoff,driver,client,spark://spark-master:7077,app-20190318200803-0001,Read data from data source
sql,1552939743567,170394051,53,false,0,select input.c1 from input where input.c1 < -0.9,144526490,error,"",25867561,/tmp/spark-bench-test/kmeans-data.parquet,"",spark-master,44457,file:/usr/spark-bench/spark-bench_2.3.0_0.4.0-RELEASE/lib/spark-bench-2.3.0_0.4.0-RELEASE.jar,com.ibm.sparktc.sparkbench.cli.CLIKickoff,driver,client,spark://spark-master:7077,app-20190318200803-0001,Read data from data source
sql,1552939743879,145363731,54,false,0,select input.c1 from input where input.c1 < -0.9,135097175,error,"",10266556,/tmp/spark-bench-test/kmeans-data.parquet,"",spark-master,44457,file:/usr/spark-bench/spark-bench_2.3.0_0.4.0-RELEASE/lib/spark-bench-2.3.0_0.4.0-RELEASE.jar,com.ibm.sparktc.sparkbench.cli.CLIKickoff,driver,client,spark://spark-master:7077,app-20190318200803-0001,Read data from data source
sql,1552939744176,228679684,55,false,0,select input.c1 from input where input.c1 < -0.9,219022779,error,"",9656905,/tmp/spark-bench-test/kmeans-data.parquet,"",spark-master,44457,file:/usr/spark-bench/spark-bench_2.3.0_0.4.0-RELEASE/lib/spark-bench-2.3.0_0.4.0-RELEASE.jar,com.ibm.sparktc.sparkbench.cli.CLIKickoff,driver,client,spark://spark-master:7077,app-20190318200803-0001,Read data from data source
sql,1552939744652,188891359,56,false,0,select input.c1 from input where input.c1 < -0.9,171218950,error,"",17672409,/tmp/spark-bench-test/kmeans-data.parquet,"",spark-master,44457,file:/usr/spark-bench/spark-bench_2.3.0_0.4.0-RELEASE/lib/spark-bench-2.3.0_0.4.0-RELEASE.jar,com.ibm.sparktc.sparkbench.cli.CLIKickoff,driver,client,spark://spark-master:7077,app-20190318200803-0001,Read data from data source
sql,1552939744992,97166137,57,false,0,select input.c1 from input where input.c1 < -0.9,87343474,error,"",9822663,/tmp/spark-bench-test/kmeans-data.parquet,"",spark-master,44457,file:/usr/spark-bench/spark-bench_2.3.0_0.4.0-RELEASE/lib/spark-bench-2.3.0_0.4.0-RELEASE.jar,com.ibm.sparktc.sparkbench.cli.CLIKickoff,driver,client,spark://spark-master:7077,app-20190318200803-0001,Read data from data source
sql,1552939745253,146986717,58,false,0,select input.c1 from input where input.c1 < -0.9,135061786,error,"",11924931,/tmp/spark-bench-test/kmeans-data.parquet,"",spark-master,44457,file:/usr/spark-bench/spark-bench_2.3.0_0.4.0-RELEASE/lib/spark-bench-2.3.0_0.4.0-RELEASE.jar,com.ibm.sparktc.sparkbench.cli.CLIKickoff,driver,client,spark://spark-master:7077,app-20190318200803-0001,Read data from data source
sql,1552939745525,114538558,59,false,0,select input.c1 from input where input.c1 < -0.9,106440754,error,"",8097804,/tmp/spark-bench-test/kmeans-data.parquet,"",spark-master,44457,file:/usr/spark-bench/spark-bench_2.3.0_0.4.0-RELEASE/lib/spark-bench-2.3.0_0.4.0-RELEASE.jar,com.ibm.sparktc.sparkbench.cli.CLIKickoff,driver,client,spark://spark-master:7077,app-20190318200803-0001,Read data from data source
sql,1552939745764,179088524,60,false,0,select input.c1 from input where input.c1 < -0.9,158869187,error,"",20219337,/tmp/spark-bench-test/kmeans-data.parquet,"",spark-master,44457,file:/usr/spark-bench/spark-bench_2.3.0_0.4.0-RELEASE/lib/spark-bench-2.3.0_0.4.0-RELEASE.jar,com.ibm.sparktc.sparkbench.cli.CLIKickoff,driver,client,spark://spark-master:7077,app-20190318200803-0001,Read data from data source
sql,1552939746091,291444326,61,false,0,select input.c1 from input where input.c1 < -0.9,247413594,error,"",44030732,/tmp/spark-bench-test/kmeans-data.parquet,"",spark-master,44457,file:/usr/spark-bench/spark-bench_2.3.0_0.4.0-RELEASE/lib/spark-bench-2.3.0_0.4.0-RELEASE.jar,com.ibm.sparktc.sparkbench.cli.CLIKickoff,driver,client,spark://spark-master:7077,app-20190318200803-0001,Read data from data source
sql,1552939746681,181864413,62,false,0,select input.c1 from input where input.c1 < -0.9,172611449,error,"",9252964,/tmp/spark-bench-test/kmeans-data.parquet,"",spark-master,44457,file:/usr/spark-bench/spark-bench_2.3.0_0.4.0-RELEASE/lib/spark-bench-2.3.0_0.4.0-RELEASE.jar,com.ibm.sparktc.sparkbench.cli.CLIKickoff,driver,client,spark://spark-master:7077,app-20190318200803-0001,Read data from data source
sql,1552939747019,123394940,63,false,0,select input.c1 from input where input.c1 < -0.9,103792482,error,"",19602458,/tmp/spark-bench-test/kmeans-data.parquet,"",spark-master,44457,file:/usr/spark-bench/spark-bench_2.3.0_0.4.0-RELEASE/lib/spark-bench-2.3.0_0.4.0-RELEASE.jar,com.ibm.sparktc.sparkbench.cli.CLIKickoff,driver,client,spark://spark-master:7077,app-20190318200803-0001,Read data from data source
sql,1552939747296,206334743,64,false,0,select input.c1 from input where input.c1 < -0.9,184837598,error,"",21497145,/tmp/spark-bench-test/kmeans-data.parquet,"",spark-master,44457,file:/usr/spark-bench/spark-bench_2.3.0_0.4.0-RELEASE/lib/spark-bench-2.3.0_0.4.0-RELEASE.jar,com.ibm.sparktc.sparkbench.cli.CLIKickoff,driver,client,spark://spark-master:7077,app-20190318200803-0001,Read data from data source
sql,1552939747668,110850398,65,false,0,select input.c1 from input where input.c1 < -0.9,102147024,error,"",8703374,/tmp/spark-bench-test/kmeans-data.parquet,"",spark-master,44457,file:/usr/spark-bench/spark-bench_2.3.0_0.4.0-RELEASE/lib/spark-bench-2.3.0_0.4.0-RELEASE.jar,com.ibm.sparktc.sparkbench.cli.CLIKickoff,driver,client,spark://spark-master:7077,app-20190318200803-0001,Read data from data source
sql,1552939747986,230735392,66,false,0,select input.c1 from input where input.c1 < -0.9,191396086,error,"",39339306,/tmp/spark-bench-test/kmeans-data.parquet,"",spark-master,44457,file:/usr/spark-bench/spark-bench_2.3.0_0.4.0-RELEASE/lib/spark-bench-2.3.0_0.4.0-RELEASE.jar,com.ibm.sparktc.sparkbench.cli.CLIKickoff,driver,client,spark://spark-master:7077,app-20190318200803-0001,Read data from data source
sql,1552939748601,105061541,67,false,0,select input.c1 from input where input.c1 < -0.9,96958212,error,"",8103329,/tmp/spark-bench-test/kmeans-data.parquet,"",spark-master,44457,file:/usr/spark-bench/spark-bench_2.3.0_0.4.0-RELEASE/lib/spark-bench-2.3.0_0.4.0-RELEASE.jar,com.ibm.sparktc.sparkbench.cli.CLIKickoff,driver,client,spark://spark-master:7077,app-20190318200803-0001,Read data from data source
sql,1552939748952,221351699,68,false,0,select input.c1 from input where input.c1 < -0.9,175309902,error,"",46041797,/tmp/spark-bench-test/kmeans-data.parquet,"",spark-master,44457,file:/usr/spark-bench/spark-bench_2.3.0_0.4.0-RELEASE/lib/spark-bench-2.3.0_0.4.0-RELEASE.jar,com.ibm.sparktc.sparkbench.cli.CLIKickoff,driver,client,spark://spark-master:7077,app-20190318200803-0001,Read data from data source
sql,1552939749395,141630936,69,false,0,select input.c1 from input where input.c1 < -0.9,131877219,error,"",9753717,/tmp/spark-bench-test/kmeans-data.parquet,"",spark-master,44457,file:/usr/spark-bench/spark-bench_2.3.0_0.4.0-RELEASE/lib/spark-bench-2.3.0_0.4.0-RELEASE.jar,com.ibm.sparktc.sparkbench.cli.CLIKickoff,driver,client,spark://spark-master:7077,app-20190318200803-0001,Read data from data source
sql,1552939749722,147435489,70,false,0,select input.c1 from input where input.c1 < -0.9,137572633,error,"",9862856,/tmp/spark-bench-test/kmeans-data.parquet,"",spark-master,44457,file:/usr/spark-bench/spark-bench_2.3.0_0.4.0-RELEASE/lib/spark-bench-2.3.0_0.4.0-RELEASE.jar,com.ibm.sparktc.sparkbench.cli.CLIKickoff,driver,client,spark://spark-master:7077,app-20190318200803-0001,Read data from data source
sql,1552939750017,126193656,71,false,0,select input.c1 from input where input.c1 < -0.9,118096722,error,"",8096934,/tmp/spark-bench-test/kmeans-data.parquet,"",spark-master,44457,file:/usr/spark-bench/spark-bench_2.3.0_0.4.0-RELEASE/lib/spark-bench-2.3.0_0.4.0-RELEASE.jar,com.ibm.sparktc.sparkbench.cli.CLIKickoff,driver,client,spark://spark-master:7077,app-20190318200803-0001,Read data from data source
sql,1552939750383,142121280,72,false,0,select input.c1 from input where input.c1 < -0.9,129178960,error,"",12942320,/tmp/spark-bench-test/kmeans-data.parquet,"",spark-master,44457,file:/usr/spark-bench/spark-bench_2.3.0_0.4.0-RELEASE/lib/spark-bench-2.3.0_0.4.0-RELEASE.jar,com.ibm.sparktc.sparkbench.cli.CLIKickoff,driver,client,spark://spark-master:7077,app-20190318200803-0001,Read data from data source
sql,1552939750807,124606747,73,false,0,select input.c1 from input where input.c1 < -0.9,114692516,error,"",9914231,/tmp/spark-bench-test/kmeans-data.parquet,"",spark-master,44457,file:/usr/spark-bench/spark-bench_2.3.0_0.4.0-RELEASE/lib/spark-bench-2.3.0_0.4.0-RELEASE.jar,com.ibm.sparktc.sparkbench.cli.CLIKickoff,driver,client,spark://spark-master:7077,app-20190318200803-0001,Read data from data source
sql,1552939751078,186980599,74,false,0,select input.c1 from input where input.c1 < -0.9,175760770,error,"",11219829,/tmp/spark-bench-test/kmeans-data.parquet,"",spark-master,44457,file:/usr/spark-bench/spark-bench_2.3.0_0.4.0-RELEASE/lib/spark-bench-2.3.0_0.4.0-RELEASE.jar,com.ibm.sparktc.sparkbench.cli.CLIKickoff,driver,client,spark://spark-master:7077,app-20190318200803-0001,Read data from data source
sql,1552939751424,117456664,75,false,0,select input.c1 from input where input.c1 < -0.9,109889881,error,"",7566783,/tmp/spark-bench-test/kmeans-data.parquet,"",spark-master,44457,file:/usr/spark-bench/spark-bench_2.3.0_0.4.0-RELEASE/lib/spark-bench-2.3.0_0.4.0-RELEASE.jar,com.ibm.sparktc.sparkbench.cli.CLIKickoff,driver,client,spark://spark-master:7077,app-20190318200803-0001,Read data from data source
sql,1552939751655,113828990,76,false,0,select input.c1 from input where input.c1 < -0.9,101959761,error,"",11869229,/tmp/spark-bench-test/kmeans-data.parquet,"",spark-master,44457,file:/usr/spark-bench/spark-bench_2.3.0_0.4.0-RELEASE/lib/spark-bench-2.3.0_0.4.0-RELEASE.jar,com.ibm.sparktc.sparkbench.cli.CLIKickoff,driver,client,spark://spark-master:7077,app-20190318200803-0001,Read data from data source
sql,1552939751897,190152304,77,false,0,select input.c1 from input where input.c1 < -0.9,170706811,error,"",19445493,/tmp/spark-bench-test/kmeans-data.parquet,"",spark-master,44457,file:/usr/spark-bench/spark-bench_2.3.0_0.4.0-RELEASE/lib/spark-bench-2.3.0_0.4.0-RELEASE.jar,com.ibm.sparktc.sparkbench.cli.CLIKickoff,driver,client,spark://spark-master:7077,app-20190318200803-0001,Read data from data source
sql,1552939752446,82452548,78,false,0,select input.c1 from input where input.c1 < -0.9,75927811,error,"",6524737,/tmp/spark-bench-test/kmeans-data.parquet,"",spark-master,44457,file:/usr/spark-bench/spark-bench_2.3.0_0.4.0-RELEASE/lib/spark-bench-2.3.0_0.4.0-RELEASE.jar,com.ibm.sparktc.sparkbench.cli.CLIKickoff,driver,client,spark://spark-master:7077,app-20190318200803-0001,Read data from data source
sql,1552939752622,155218321,79,false,0,select input.c1 from input where input.c1 < -0.9,130372033,error,"",24846288,/tmp/spark-bench-test/kmeans-data.parquet,"",spark-master,44457,file:/usr/spark-bench/spark-bench_2.3.0_0.4.0-RELEASE/lib/spark-bench-2.3.0_0.4.0-RELEASE.jar,com.ibm.sparktc.sparkbench.cli.CLIKickoff,driver,client,spark://spark-master:7077,app-20190318200803-0001,Read data from data source
sql,1552939753055,119433574,80,false,0,select input.c1 from input where input.c1 < -0.9,105363655,error,"",14069919,/tmp/spark-bench-test/kmeans-data.parquet,"",spark-master,44457,file:/usr/spark-bench/spark-bench_2.3.0_0.4.0-RELEASE/lib/spark-bench-2.3.0_0.4.0-RELEASE.jar,com.ibm.sparktc.sparkbench.cli.CLIKickoff,driver,client,spark://spark-master:7077,app-20190318200803-0001,Read data from data source
sql,1552939753354,101113479,81,false,0,select input.c1 from input where input.c1 < -0.9,95518622,error,"",5594857,/tmp/spark-bench-test/kmeans-data.parquet,"",spark-master,44457,file:/usr/spark-bench/spark-bench_2.3.0_0.4.0-RELEASE/lib/spark-bench-2.3.0_0.4.0-RELEASE.jar,com.ibm.sparktc.sparkbench.cli.CLIKickoff,driver,client,spark://spark-master:7077,app-20190318200803-0001,Read data from data source
sql,1552939753589,191380857,82,false,0,select input.c1 from input where input.c1 < -0.9,165568220,error,"",25812637,/tmp/spark-bench-test/kmeans-data.parquet,"",spark-master,44457,file:/usr/spark-bench/spark-bench_2.3.0_0.4.0-RELEASE/lib/spark-bench-2.3.0_0.4.0-RELEASE.jar,com.ibm.sparktc.sparkbench.cli.CLIKickoff,driver,client,spark://spark-master:7077,app-20190318200803-0001,Read data from data source
sql,1552939754005,233354659,83,false,0,select input.c1 from input where input.c1 < -0.9,223077669,error,"",10276990,/tmp/spark-bench-test/kmeans-data.parquet,"",spark-master,44457,file:/usr/spark-bench/spark-bench_2.3.0_0.4.0-RELEASE/lib/spark-bench-2.3.0_0.4.0-RELEASE.jar,com.ibm.sparktc.sparkbench.cli.CLIKickoff,driver,client,spark://spark-master:7077,app-20190318200803-0001,Read data from data source
sql,1552939754409,193178108,84,false,0,select input.c1 from input where input.c1 < -0.9,185431636,error,"",7746472,/tmp/spark-bench-test/kmeans-data.parquet,"",spark-master,44457,file:/usr/spark-bench/spark-bench_2.3.0_0.4.0-RELEASE/lib/spark-bench-2.3.0_0.4.0-RELEASE.jar,com.ibm.sparktc.sparkbench.cli.CLIKickoff,driver,client,spark://spark-master:7077,app-20190318200803-0001,Read data from data source
sql,1552939754792,166588522,85,false,0,select input.c1 from input where input.c1 < -0.9,148039047,error,"",18549475,/tmp/spark-bench-test/kmeans-data.parquet,"",spark-master,44457,file:/usr/spark-bench/spark-bench_2.3.0_0.4.0-RELEASE/lib/spark-bench-2.3.0_0.4.0-RELEASE.jar,com.ibm.sparktc.sparkbench.cli.CLIKickoff,driver,client,spark://spark-master:7077,app-20190318200803-0001,Read data from data source
sql,1552939755418,121124760,86,false,0,select input.c1 from input where input.c1 < -0.9,112173561,error,"",8951199,/tmp/spark-bench-test/kmeans-data.parquet,"",spark-master,44457,file:/usr/spark-bench/spark-bench_2.3.0_0.4.0-RELEASE/lib/spark-bench-2.3.0_0.4.0-RELEASE.jar,com.ibm.sparktc.sparkbench.cli.CLIKickoff,driver,client,spark://spark-master:7077,app-20190318200803-0001,Read data from data source
sql,1552939755700,118342048,87,false,0,select input.c1 from input where input.c1 < -0.9,99088326,error,"",19253722,/tmp/spark-bench-test/kmeans-data.parquet,"",spark-master,44457,file:/usr/spark-bench/spark-bench_2.3.0_0.4.0-RELEASE/lib/spark-bench-2.3.0_0.4.0-RELEASE.jar,com.ibm.sparktc.sparkbench.cli.CLIKickoff,driver,client,spark://spark-master:7077,app-20190318200803-0001,Read data from data source
sql,1552939755945,256311730,88,false,0,select input.c1 from input where input.c1 < -0.9,241123890,error,"",15187840,/tmp/spark-bench-test/kmeans-data.parquet,"",spark-master,44457,file:/usr/spark-bench/spark-bench_2.3.0_0.4.0-RELEASE/lib/spark-bench-2.3.0_0.4.0-RELEASE.jar,com.ibm.sparktc.sparkbench.cli.CLIKickoff,driver,client,spark://spark-master:7077,app-20190318200803-0001,Read data from data source
sql,1552939756482,95352221,89,false,0,select input.c1 from input where input.c1 < -0.9,76556365,error,"",18795856,/tmp/spark-bench-test/kmeans-data.parquet,"",spark-master,44457,file:/usr/spark-bench/spark-bench_2.3.0_0.4.0-RELEASE/lib/spark-bench-2.3.0_0.4.0-RELEASE.jar,com.ibm.sparktc.sparkbench.cli.CLIKickoff,driver,client,spark://spark-master:7077,app-20190318200803-0001,Read data from data source
sql,1552939756713,123835543,90,false,0,select input.c1 from input where input.c1 < -0.9,107719741,error,"",16115802,/tmp/spark-bench-test/kmeans-data.parquet,"",spark-master,44457,file:/usr/spark-bench/spark-bench_2.3.0_0.4.0-RELEASE/lib/spark-bench-2.3.0_0.4.0-RELEASE.jar,com.ibm.sparktc.sparkbench.cli.CLIKickoff,driver,client,spark://spark-master:7077,app-20190318200803-0001,Read data from data source
sql,1552939756949,111336546,91,false,0,select input.c1 from input where input.c1 < -0.9,102447729,error,"",8888817,/tmp/spark-bench-test/kmeans-data.parquet,"",spark-master,44457,file:/usr/spark-bench/spark-bench_2.3.0_0.4.0-RELEASE/lib/spark-bench-2.3.0_0.4.0-RELEASE.jar,com.ibm.sparktc.sparkbench.cli.CLIKickoff,driver,client,spark://spark-master:7077,app-20190318200803-0001,Read data from data source
sql,1552939757199,174132049,92,false,0,select input.c1 from input where input.c1 < -0.9,164148956,error,"",9983093,/tmp/spark-bench-test/kmeans-data.parquet,"",spark-master,44457,file:/usr/spark-bench/spark-bench_2.3.0_0.4.0-RELEASE/lib/spark-bench-2.3.0_0.4.0-RELEASE.jar,com.ibm.sparktc.sparkbench.cli.CLIKickoff,driver,client,spark://spark-master:7077,app-20190318200803-0001,Read data from data source
sql,1552939757506,172766797,93,false,0,select input.c1 from input where input.c1 < -0.9,131272089,error,"",41494708,/tmp/spark-bench-test/kmeans-data.parquet,"",spark-master,44457,file:/usr/spark-bench/spark-bench_2.3.0_0.4.0-RELEASE/lib/spark-bench-2.3.0_0.4.0-RELEASE.jar,com.ibm.sparktc.sparkbench.cli.CLIKickoff,driver,client,spark://spark-master:7077,app-20190318200803-0001,Read data from data source
sql,1552939757972,107685432,94,false,0,select input.c1 from input where input.c1 < -0.9,98182154,error,"",9503278,/tmp/spark-bench-test/kmeans-data.parquet,"",spark-master,44457,file:/usr/spark-bench/spark-bench_2.3.0_0.4.0-RELEASE/lib/spark-bench-2.3.0_0.4.0-RELEASE.jar,com.ibm.sparktc.sparkbench.cli.CLIKickoff,driver,client,spark://spark-master:7077,app-20190318200803-0001,Read data from data source
sql,1552939758196,131415612,95,false,0,select input.c1 from input where input.c1 < -0.9,112321428,error,"",19094184,/tmp/spark-bench-test/kmeans-data.parquet,"",spark-master,44457,file:/usr/spark-bench/spark-bench_2.3.0_0.4.0-RELEASE/lib/spark-bench-2.3.0_0.4.0-RELEASE.jar,com.ibm.sparktc.sparkbench.cli.CLIKickoff,driver,client,spark://spark-master:7077,app-20190318200803-0001,Read data from data source
sql,1552939758505,114945541,96,false,0,select input.c1 from input where input.c1 < -0.9,106500553,error,"",8444988,/tmp/spark-bench-test/kmeans-data.parquet,"",spark-master,44457,file:/usr/spark-bench/spark-bench_2.3.0_0.4.0-RELEASE/lib/spark-bench-2.3.0_0.4.0-RELEASE.jar,com.ibm.sparktc.sparkbench.cli.CLIKickoff,driver,client,spark://spark-master:7077,app-20190318200803-0001,Read data from data source
sql,1552939758795,116993753,97,false,0,select input.c1 from input where input.c1 < -0.9,109051402,error,"",7942351,/tmp/spark-bench-test/kmeans-data.parquet,"",spark-master,44457,file:/usr/spark-bench/spark-bench_2.3.0_0.4.0-RELEASE/lib/spark-bench-2.3.0_0.4.0-RELEASE.jar,com.ibm.sparktc.sparkbench.cli.CLIKickoff,driver,client,spark://spark-master:7077,app-20190318200803-0001,Read data from data source
sql,1552939759037,149435754,98,false,0,select input.c1 from input where input.c1 < -0.9,129591326,error,"",19844428,/tmp/spark-bench-test/kmeans-data.parquet,"",spark-master,44457,file:/usr/spark-bench/spark-bench_2.3.0_0.4.0-RELEASE/lib/spark-bench-2.3.0_0.4.0-RELEASE.jar,com.ibm.sparktc.sparkbench.cli.CLIKickoff,driver,client,spark://spark-master:7077,app-20190318200803-0001,Read data from data source
sql,1552939759433,164875009,99,false,0,select input.c1 from input where input.c1 < -0.9,157382385,error,"",7492624,/tmp/spark-bench-test/kmeans-data.parquet,"",spark-master,44457,file:/usr/spark-bench/spark-bench_2.3.0_0.4.0-RELEASE/lib/spark-bench-2.3.0_0.4.0-RELEASE.jar,com.ibm.sparktc.sparkbench.cli.CLIKickoff,driver,client,spark://spark-master:7077,app-20190318200803-0001,Read data from data source
