name,timestamp,run,total_runtime,pi_approximate,saveMode,slices,output,input,spark.driver.host,spark.driver.port,spark.jars,spark.app.name,spark.executor.id,spark.submit.deployMode,spark.master,spark.ui.filters,spark.driver.appUIAddress,spark.org.apache.hadoop.yarn.server.webproxy.amfilter.AmIpFilter.param.PROXY_HOSTS,spark.org.apache.hadoop.yarn.server.webproxy.amfilter.AmIpFilter.param.PROXY_URI_BASES,spark.app.id,description
sparkpi,14404765746886,0,5467361659,3.1415647656625905,error,250,"","",spark,38743,file:/usr/spark-bench/spark-bench_2.3.0_0.4.0-RELEASE/lib/spark-bench-2.3.0_0.4.0-RELEASE.jar,com.ibm.sparktc.sparkbench.cli.CLIKickoff,driver,client,yarn,org.apache.hadoop.yarn.server.webproxy.amfilter.AmIpFilter,http://spark:4040,nodemanager1,http://nodemanager1:8088/proxy/application_1557247951444_0007,application_1557247951444_0007,CPU parallel benchmark
sparkpi,14411523267831,1,3131297745,3.141648445665938,error,250,"","",spark,38743,file:/usr/spark-bench/spark-bench_2.3.0_0.4.0-RELEASE/lib/spark-bench-2.3.0_0.4.0-RELEASE.jar,com.ibm.sparktc.sparkbench.cli.CLIKickoff,driver,client,yarn,org.apache.hadoop.yarn.server.webproxy.amfilter.AmIpFilter,http://spark:4040,nodemanager1,http://nodemanager1:8088/proxy/application_1557247951444_0007,application_1557247951444_0007,CPU parallel benchmark
sparkpi,14414714324070,2,3265425969,3.1419055656762227,error,250,"","",spark,38743,file:/usr/spark-bench/spark-bench_2.3.0_0.4.0-RELEASE/lib/spark-bench-2.3.0_0.4.0-RELEASE.jar,com.ibm.sparktc.sparkbench.cli.CLIKickoff,driver,client,yarn,org.apache.hadoop.yarn.server.webproxy.amfilter.AmIpFilter,http://spark:4040,nodemanager1,http://nodemanager1:8088/proxy/application_1557247951444_0007,application_1557247951444_0007,CPU parallel benchmark
sparkpi,14418142866511,3,3025873101,3.141952445678098,error,250,"","",spark,38743,file:/usr/spark-bench/spark-bench_2.3.0_0.4.0-RELEASE/lib/spark-bench-2.3.0_0.4.0-RELEASE.jar,com.ibm.sparktc.sparkbench.cli.CLIKickoff,driver,client,yarn,org.apache.hadoop.yarn.server.webproxy.amfilter.AmIpFilter,http://spark:4040,nodemanager1,http://nodemanager1:8088/proxy/application_1557247951444_0007,application_1557247951444_0007,CPU parallel benchmark
sparkpi,14421325678694,4,2834783471,3.141501405660056,error,250,"","",spark,38743,file:/usr/spark-bench/spark-bench_2.3.0_0.4.0-RELEASE/lib/spark-bench-2.3.0_0.4.0-RELEASE.jar,com.ibm.sparktc.sparkbench.cli.CLIKickoff,driver,client,yarn,org.apache.hadoop.yarn.server.webproxy.amfilter.AmIpFilter,http://spark:4040,nodemanager1,http://nodemanager1:8088/proxy/application_1557247951444_0007,application_1557247951444_0007,CPU parallel benchmark
sparkpi,14424203052697,5,3178045375,3.141526525661061,error,250,"","",spark,38743,file:/usr/spark-bench/spark-bench_2.3.0_0.4.0-RELEASE/lib/spark-bench-2.3.0_0.4.0-RELEASE.jar,com.ibm.sparktc.sparkbench.cli.CLIKickoff,driver,client,yarn,org.apache.hadoop.yarn.server.webproxy.amfilter.AmIpFilter,http://spark:4040,nodemanager1,http://nodemanager1:8088/proxy/application_1557247951444_0007,application_1557247951444_0007,CPU parallel benchmark
sparkpi,14427422789200,6,2388972359,3.1416926056677044,error,250,"","",spark,38743,file:/usr/spark-bench/spark-bench_2.3.0_0.4.0-RELEASE/lib/spark-bench-2.3.0_0.4.0-RELEASE.jar,com.ibm.sparktc.sparkbench.cli.CLIKickoff,driver,client,yarn,org.apache.hadoop.yarn.server.webproxy.amfilter.AmIpFilter,http://spark:4040,nodemanager1,http://nodemanager1:8088/proxy/application_1557247951444_0007,application_1557247951444_0007,CPU parallel benchmark
sparkpi,14429849665331,7,2471105903,3.1412111656484467,error,250,"","",spark,38743,file:/usr/spark-bench/spark-bench_2.3.0_0.4.0-RELEASE/lib/spark-bench-2.3.0_0.4.0-RELEASE.jar,com.ibm.sparktc.sparkbench.cli.CLIKickoff,driver,client,yarn,org.apache.hadoop.yarn.server.webproxy.amfilter.AmIpFilter,http://spark:4040,nodemanager1,http://nodemanager1:8088/proxy/application_1557247951444_0007,application_1557247951444_0007,CPU parallel benchmark
sparkpi,14432396491905,8,2268604241,3.141798525671941,error,250,"","",spark,38743,file:/usr/spark-bench/spark-bench_2.3.0_0.4.0-RELEASE/lib/spark-bench-2.3.0_0.4.0-RELEASE.jar,com.ibm.sparktc.sparkbench.cli.CLIKickoff,driver,client,yarn,org.apache.hadoop.yarn.server.webproxy.amfilter.AmIpFilter,http://spark:4040,nodemanager1,http://nodemanager1:8088/proxy/application_1557247951444_0007,application_1557247951444_0007,CPU parallel benchmark
sparkpi,14434699064977,9,2220125667,3.1416441256657652,error,250,"","",spark,38743,file:/usr/spark-bench/spark-bench_2.3.0_0.4.0-RELEASE/lib/spark-bench-2.3.0_0.4.0-RELEASE.jar,com.ibm.sparktc.sparkbench.cli.CLIKickoff,driver,client,yarn,org.apache.hadoop.yarn.server.webproxy.amfilter.AmIpFilter,http://spark:4040,nodemanager1,http://nodemanager1:8088/proxy/application_1557247951444_0007,application_1557247951444_0007,CPU parallel benchmark
sparkpi,14436949241097,10,2375212967,3.142274365690975,error,250,"","",spark,38743,file:/usr/spark-bench/spark-bench_2.3.0_0.4.0-RELEASE/lib/spark-bench-2.3.0_0.4.0-RELEASE.jar,com.ibm.sparktc.sparkbench.cli.CLIKickoff,driver,client,yarn,org.apache.hadoop.yarn.server.webproxy.amfilter.AmIpFilter,http://spark:4040,nodemanager1,http://nodemanager1:8088/proxy/application_1557247951444_0007,application_1557247951444_0007,CPU parallel benchmark
sparkpi,14439352396645,11,2326688186,3.141822845672914,error,250,"","",spark,38743,file:/usr/spark-bench/spark-bench_2.3.0_0.4.0-RELEASE/lib/spark-bench-2.3.0_0.4.0-RELEASE.jar,com.ibm.sparktc.sparkbench.cli.CLIKickoff,driver,client,yarn,org.apache.hadoop.yarn.server.webproxy.amfilter.AmIpFilter,http://spark:4040,nodemanager1,http://nodemanager1:8088/proxy/application_1557247951444_0007,application_1557247951444_0007,CPU parallel benchmark
sparkpi,14441756955453,12,2137244507,3.1417762856710514,error,250,"","",spark,38743,file:/usr/spark-bench/spark-bench_2.3.0_0.4.0-RELEASE/lib/spark-bench-2.3.0_0.4.0-RELEASE.jar,com.ibm.sparktc.sparkbench.cli.CLIKickoff,driver,client,yarn,org.apache.hadoop.yarn.server.webproxy.amfilter.AmIpFilter,http://spark:4040,nodemanager1,http://nodemanager1:8088/proxy/application_1557247951444_0007,application_1557247951444_0007,CPU parallel benchmark
sparkpi,14443921094940,13,2192265528,3.141686045667442,error,250,"","",spark,38743,file:/usr/spark-bench/spark-bench_2.3.0_0.4.0-RELEASE/lib/spark-bench-2.3.0_0.4.0-RELEASE.jar,com.ibm.sparktc.sparkbench.cli.CLIKickoff,driver,client,yarn,org.apache.hadoop.yarn.server.webproxy.amfilter.AmIpFilter,http://spark:4040,nodemanager1,http://nodemanager1:8088/proxy/application_1557247951444_0007,application_1557247951444_0007,CPU parallel benchmark
sparkpi,14446138583604,14,2182531361,3.1415231656609266,error,250,"","",spark,38743,file:/usr/spark-bench/spark-bench_2.3.0_0.4.0-RELEASE/lib/spark-bench-2.3.0_0.4.0-RELEASE.jar,com.ibm.sparktc.sparkbench.cli.CLIKickoff,driver,client,yarn,org.apache.hadoop.yarn.server.webproxy.amfilter.AmIpFilter,http://spark:4040,nodemanager1,http://nodemanager1:8088/proxy/application_1557247951444_0007,application_1557247951444_0007,CPU parallel benchmark
sparkpi,14448407278058,15,2137159128,3.142582525703301,error,250,"","",spark,38743,file:/usr/spark-bench/spark-bench_2.3.0_0.4.0-RELEASE/lib/spark-bench-2.3.0_0.4.0-RELEASE.jar,com.ibm.sparktc.sparkbench.cli.CLIKickoff,driver,client,yarn,org.apache.hadoop.yarn.server.webproxy.amfilter.AmIpFilter,http://spark:4040,nodemanager1,http://nodemanager1:8088/proxy/application_1557247951444_0007,application_1557247951444_0007,CPU parallel benchmark
sparkpi,14450564407579,16,2116291062,3.1418492456739697,error,250,"","",spark,38743,file:/usr/spark-bench/spark-bench_2.3.0_0.4.0-RELEASE/lib/spark-bench-2.3.0_0.4.0-RELEASE.jar,com.ibm.sparktc.sparkbench.cli.CLIKickoff,driver,client,yarn,org.apache.hadoop.yarn.server.webproxy.amfilter.AmIpFilter,http://spark:4040,nodemanager1,http://nodemanager1:8088/proxy/application_1557247951444_0007,application_1557247951444_0007,CPU parallel benchmark
sparkpi,14452707825460,17,2267660166,3.1415150056606,error,250,"","",spark,38743,file:/usr/spark-bench/spark-bench_2.3.0_0.4.0-RELEASE/lib/spark-bench-2.3.0_0.4.0-RELEASE.jar,com.ibm.sparktc.sparkbench.cli.CLIKickoff,driver,client,yarn,org.apache.hadoop.yarn.server.webproxy.amfilter.AmIpFilter,http://spark:4040,nodemanager1,http://nodemanager1:8088/proxy/application_1557247951444_0007,application_1557247951444_0007,CPU parallel benchmark
sparkpi,14455006082752,18,2154020491,3.141961725678469,error,250,"","",spark,38743,file:/usr/spark-bench/spark-bench_2.3.0_0.4.0-RELEASE/lib/spark-bench-2.3.0_0.4.0-RELEASE.jar,com.ibm.sparktc.sparkbench.cli.CLIKickoff,driver,client,yarn,org.apache.hadoop.yarn.server.webproxy.amfilter.AmIpFilter,http://spark:4040,nodemanager1,http://nodemanager1:8088/proxy/application_1557247951444_0007,application_1557247951444_0007,CPU parallel benchmark
sparkpi,14457221080768,19,2170810768,3.14138524565541,error,250,"","",spark,38743,file:/usr/spark-bench/spark-bench_2.3.0_0.4.0-RELEASE/lib/spark-bench-2.3.0_0.4.0-RELEASE.jar,com.ibm.sparktc.sparkbench.cli.CLIKickoff,driver,client,yarn,org.apache.hadoop.yarn.server.webproxy.amfilter.AmIpFilter,http://spark:4040,nodemanager1,http://nodemanager1:8088/proxy/application_1557247951444_0007,application_1557247951444_0007,CPU parallel benchmark
sparkpi,14459413848927,20,2218353358,3.140858525634341,error,250,"","",spark,38743,file:/usr/spark-bench/spark-bench_2.3.0_0.4.0-RELEASE/lib/spark-bench-2.3.0_0.4.0-RELEASE.jar,com.ibm.sparktc.sparkbench.cli.CLIKickoff,driver,client,yarn,org.apache.hadoop.yarn.server.webproxy.amfilter.AmIpFilter,http://spark:4040,nodemanager1,http://nodemanager1:8088/proxy/application_1557247951444_0007,application_1557247951444_0007,CPU parallel benchmark
sparkpi,14461651614480,21,2601926220,3.1412063656482547,error,250,"","",spark,38743,file:/usr/spark-bench/spark-bench_2.3.0_0.4.0-RELEASE/lib/spark-bench-2.3.0_0.4.0-RELEASE.jar,com.ibm.sparktc.sparkbench.cli.CLIKickoff,driver,client,yarn,org.apache.hadoop.yarn.server.webproxy.amfilter.AmIpFilter,http://spark:4040,nodemanager1,http://nodemanager1:8088/proxy/application_1557247951444_0007,application_1557247951444_0007,CPU parallel benchmark
sparkpi,14464271851339,22,2282451442,3.142090525683621,error,250,"","",spark,38743,file:/usr/spark-bench/spark-bench_2.3.0_0.4.0-RELEASE/lib/spark-bench-2.3.0_0.4.0-RELEASE.jar,com.ibm.sparktc.sparkbench.cli.CLIKickoff,driver,client,yarn,org.apache.hadoop.yarn.server.webproxy.amfilter.AmIpFilter,http://spark:4040,nodemanager1,http://nodemanager1:8088/proxy/application_1557247951444_0007,application_1557247951444_0007,CPU parallel benchmark
sparkpi,14466614405390,23,2154392865,3.1415948456637937,error,250,"","",spark,38743,file:/usr/spark-bench/spark-bench_2.3.0_0.4.0-RELEASE/lib/spark-bench-2.3.0_0.4.0-RELEASE.jar,com.ibm.sparktc.sparkbench.cli.CLIKickoff,driver,client,yarn,org.apache.hadoop.yarn.server.webproxy.amfilter.AmIpFilter,http://spark:4040,nodemanager1,http://nodemanager1:8088/proxy/application_1557247951444_0007,application_1557247951444_0007,CPU parallel benchmark
sparkpi,14468787088023,24,2073817791,3.1420431656817267,error,250,"","",spark,38743,file:/usr/spark-bench/spark-bench_2.3.0_0.4.0-RELEASE/lib/spark-bench-2.3.0_0.4.0-RELEASE.jar,com.ibm.sparktc.sparkbench.cli.CLIKickoff,driver,client,yarn,org.apache.hadoop.yarn.server.webproxy.amfilter.AmIpFilter,http://spark:4040,nodemanager1,http://nodemanager1:8088/proxy/application_1557247951444_0007,application_1557247951444_0007,CPU parallel benchmark
sparkpi,14470879089497,25,2109037986,3.141648605665944,error,250,"","",spark,38743,file:/usr/spark-bench/spark-bench_2.3.0_0.4.0-RELEASE/lib/spark-bench-2.3.0_0.4.0-RELEASE.jar,com.ibm.sparktc.sparkbench.cli.CLIKickoff,driver,client,yarn,org.apache.hadoop.yarn.server.webproxy.amfilter.AmIpFilter,http://spark:4040,nodemanager1,http://nodemanager1:8088/proxy/application_1557247951444_0007,application_1557247951444_0007,CPU parallel benchmark
sparkpi,14473014800961,26,2211511527,3.141701725668069,error,250,"","",spark,38743,file:/usr/spark-bench/spark-bench_2.3.0_0.4.0-RELEASE/lib/spark-bench-2.3.0_0.4.0-RELEASE.jar,com.ibm.sparktc.sparkbench.cli.CLIKickoff,driver,client,yarn,org.apache.hadoop.yarn.server.webproxy.amfilter.AmIpFilter,http://spark:4040,nodemanager1,http://nodemanager1:8088/proxy/application_1557247951444_0007,application_1557247951444_0007,CPU parallel benchmark
sparkpi,14475281153780,27,2290839864,3.1414524456580977,error,250,"","",spark,38743,file:/usr/spark-bench/spark-bench_2.3.0_0.4.0-RELEASE/lib/spark-bench-2.3.0_0.4.0-RELEASE.jar,com.ibm.sparktc.sparkbench.cli.CLIKickoff,driver,client,yarn,org.apache.hadoop.yarn.server.webproxy.amfilter.AmIpFilter,http://spark:4040,nodemanager1,http://nodemanager1:8088/proxy/application_1557247951444_0007,application_1557247951444_0007,CPU parallel benchmark
sparkpi,14477596884295,28,2489936867,3.14210524568421,error,250,"","",spark,38743,file:/usr/spark-bench/spark-bench_2.3.0_0.4.0-RELEASE/lib/spark-bench-2.3.0_0.4.0-RELEASE.jar,com.ibm.sparktc.sparkbench.cli.CLIKickoff,driver,client,yarn,org.apache.hadoop.yarn.server.webproxy.amfilter.AmIpFilter,http://spark:4040,nodemanager1,http://nodemanager1:8088/proxy/application_1557247951444_0007,application_1557247951444_0007,CPU parallel benchmark
sparkpi,14480103064738,29,2394507633,3.141520605660824,error,250,"","",spark,38743,file:/usr/spark-bench/spark-bench_2.3.0_0.4.0-RELEASE/lib/spark-bench-2.3.0_0.4.0-RELEASE.jar,com.ibm.sparktc.sparkbench.cli.CLIKickoff,driver,client,yarn,org.apache.hadoop.yarn.server.webproxy.amfilter.AmIpFilter,http://spark:4040,nodemanager1,http://nodemanager1:8088/proxy/application_1557247951444_0007,application_1557247951444_0007,CPU parallel benchmark
sparkpi,14482535847453,30,2726949725,3.1411852456474096,error,250,"","",spark,38743,file:/usr/spark-bench/spark-bench_2.3.0_0.4.0-RELEASE/lib/spark-bench-2.3.0_0.4.0-RELEASE.jar,com.ibm.sparktc.sparkbench.cli.CLIKickoff,driver,client,yarn,org.apache.hadoop.yarn.server.webproxy.amfilter.AmIpFilter,http://spark:4040,nodemanager1,http://nodemanager1:8088/proxy/application_1557247951444_0007,application_1557247951444_0007,CPU parallel benchmark
sparkpi,14485331297229,31,2205534829,3.141660925666437,error,250,"","",spark,38743,file:/usr/spark-bench/spark-bench_2.3.0_0.4.0-RELEASE/lib/spark-bench-2.3.0_0.4.0-RELEASE.jar,com.ibm.sparktc.sparkbench.cli.CLIKickoff,driver,client,yarn,org.apache.hadoop.yarn.server.webproxy.amfilter.AmIpFilter,http://spark:4040,nodemanager1,http://nodemanager1:8088/proxy/application_1557247951444_0007,application_1557247951444_0007,CPU parallel benchmark
sparkpi,14487556389800,32,2157263666,3.1417135656685424,error,250,"","",spark,38743,file:/usr/spark-bench/spark-bench_2.3.0_0.4.0-RELEASE/lib/spark-bench-2.3.0_0.4.0-RELEASE.jar,com.ibm.sparktc.sparkbench.cli.CLIKickoff,driver,client,yarn,org.apache.hadoop.yarn.server.webproxy.amfilter.AmIpFilter,http://spark:4040,nodemanager1,http://nodemanager1:8088/proxy/application_1557247951444_0007,application_1557247951444_0007,CPU parallel benchmark
sparkpi,14489733197955,33,2189555251,3.1414242856569716,error,250,"","",spark,38743,file:/usr/spark-bench/spark-bench_2.3.0_0.4.0-RELEASE/lib/spark-bench-2.3.0_0.4.0-RELEASE.jar,com.ibm.sparktc.sparkbench.cli.CLIKickoff,driver,client,yarn,org.apache.hadoop.yarn.server.webproxy.amfilter.AmIpFilter,http://spark:4040,nodemanager1,http://nodemanager1:8088/proxy/application_1557247951444_0007,application_1557247951444_0007,CPU parallel benchmark
sparkpi,14491941380104,34,2225122900,3.1412730856509232,error,250,"","",spark,38743,file:/usr/spark-bench/spark-bench_2.3.0_0.4.0-RELEASE/lib/spark-bench-2.3.0_0.4.0-RELEASE.jar,com.ibm.sparktc.sparkbench.cli.CLIKickoff,driver,client,yarn,org.apache.hadoop.yarn.server.webproxy.amfilter.AmIpFilter,http://spark:4040,nodemanager1,http://nodemanager1:8088/proxy/application_1557247951444_0007,application_1557247951444_0007,CPU parallel benchmark
sparkpi,14494221228610,35,2141290044,3.1414462056578483,error,250,"","",spark,38743,file:/usr/spark-bench/spark-bench_2.3.0_0.4.0-RELEASE/lib/spark-bench-2.3.0_0.4.0-RELEASE.jar,com.ibm.sparktc.sparkbench.cli.CLIKickoff,driver,client,yarn,org.apache.hadoop.yarn.server.webproxy.amfilter.AmIpFilter,http://spark:4040,nodemanager1,http://nodemanager1:8088/proxy/application_1557247951444_0007,application_1557247951444_0007,CPU parallel benchmark
sparkpi,14496374990690,36,2163429066,3.14127324565093,error,250,"","",spark,38743,file:/usr/spark-bench/spark-bench_2.3.0_0.4.0-RELEASE/lib/spark-bench-2.3.0_0.4.0-RELEASE.jar,com.ibm.sparktc.sparkbench.cli.CLIKickoff,driver,client,yarn,org.apache.hadoop.yarn.server.webproxy.amfilter.AmIpFilter,http://spark:4040,nodemanager1,http://nodemanager1:8088/proxy/application_1557247951444_0007,application_1557247951444_0007,CPU parallel benchmark
sparkpi,14498554654330,37,2155277213,3.1410468456418736,error,250,"","",spark,38743,file:/usr/spark-bench/spark-bench_2.3.0_0.4.0-RELEASE/lib/spark-bench-2.3.0_0.4.0-RELEASE.jar,com.ibm.sparktc.sparkbench.cli.CLIKickoff,driver,client,yarn,org.apache.hadoop.yarn.server.webproxy.amfilter.AmIpFilter,http://spark:4040,nodemanager1,http://nodemanager1:8088/proxy/application_1557247951444_0007,application_1557247951444_0007,CPU parallel benchmark
sparkpi,14500775269706,38,2118303601,3.1416498856659953,error,250,"","",spark,38743,file:/usr/spark-bench/spark-bench_2.3.0_0.4.0-RELEASE/lib/spark-bench-2.3.0_0.4.0-RELEASE.jar,com.ibm.sparktc.sparkbench.cli.CLIKickoff,driver,client,yarn,org.apache.hadoop.yarn.server.webproxy.amfilter.AmIpFilter,http://spark:4040,nodemanager1,http://nodemanager1:8088/proxy/application_1557247951444_0007,application_1557247951444_0007,CPU parallel benchmark
sparkpi,14502911993100,39,2108548334,3.141556925662277,error,250,"","",spark,38743,file:/usr/spark-bench/spark-bench_2.3.0_0.4.0-RELEASE/lib/spark-bench-2.3.0_0.4.0-RELEASE.jar,com.ibm.sparktc.sparkbench.cli.CLIKickoff,driver,client,yarn,org.apache.hadoop.yarn.server.webproxy.amfilter.AmIpFilter,http://spark:4040,nodemanager1,http://nodemanager1:8088/proxy/application_1557247951444_0007,application_1557247951444_0007,CPU parallel benchmark
sparkpi,14505043641819,40,2130442432,3.1416362856654514,error,250,"","",spark,38743,file:/usr/spark-bench/spark-bench_2.3.0_0.4.0-RELEASE/lib/spark-bench-2.3.0_0.4.0-RELEASE.jar,com.ibm.sparktc.sparkbench.cli.CLIKickoff,driver,client,yarn,org.apache.hadoop.yarn.server.webproxy.amfilter.AmIpFilter,http://spark:4040,nodemanager1,http://nodemanager1:8088/proxy/application_1557247951444_0007,application_1557247951444_0007,CPU parallel benchmark
sparkpi,14507186961130,41,2104423466,3.1418863656754548,error,250,"","",spark,38743,file:/usr/spark-bench/spark-bench_2.3.0_0.4.0-RELEASE/lib/spark-bench-2.3.0_0.4.0-RELEASE.jar,com.ibm.sparktc.sparkbench.cli.CLIKickoff,driver,client,yarn,org.apache.hadoop.yarn.server.webproxy.amfilter.AmIpFilter,http://spark:4040,nodemanager1,http://nodemanager1:8088/proxy/application_1557247951444_0007,application_1557247951444_0007,CPU parallel benchmark
sparkpi,14509342684364,42,2131718981,3.141312925652517,error,250,"","",spark,38743,file:/usr/spark-bench/spark-bench_2.3.0_0.4.0-RELEASE/lib/spark-bench-2.3.0_0.4.0-RELEASE.jar,com.ibm.sparktc.sparkbench.cli.CLIKickoff,driver,client,yarn,org.apache.hadoop.yarn.server.webproxy.amfilter.AmIpFilter,http://spark:4040,nodemanager1,http://nodemanager1:8088/proxy/application_1557247951444_0007,application_1557247951444_0007,CPU parallel benchmark
sparkpi,14511493029489,43,2179851350,3.1412655656506225,error,250,"","",spark,38743,file:/usr/spark-bench/spark-bench_2.3.0_0.4.0-RELEASE/lib/spark-bench-2.3.0_0.4.0-RELEASE.jar,com.ibm.sparktc.sparkbench.cli.CLIKickoff,driver,client,yarn,org.apache.hadoop.yarn.server.webproxy.amfilter.AmIpFilter,http://spark:4040,nodemanager1,http://nodemanager1:8088/proxy/application_1557247951444_0007,application_1557247951444_0007,CPU parallel benchmark
sparkpi,14513689708828,44,2095728583,3.141972925678917,error,250,"","",spark,38743,file:/usr/spark-bench/spark-bench_2.3.0_0.4.0-RELEASE/lib/spark-bench-2.3.0_0.4.0-RELEASE.jar,com.ibm.sparktc.sparkbench.cli.CLIKickoff,driver,client,yarn,org.apache.hadoop.yarn.server.webproxy.amfilter.AmIpFilter,http://spark:4040,nodemanager1,http://nodemanager1:8088/proxy/application_1557247951444_0007,application_1557247951444_0007,CPU parallel benchmark
sparkpi,14515803089054,45,2112407050,3.14152524566101,error,250,"","",spark,38743,file:/usr/spark-bench/spark-bench_2.3.0_0.4.0-RELEASE/lib/spark-bench-2.3.0_0.4.0-RELEASE.jar,com.ibm.sparktc.sparkbench.cli.CLIKickoff,driver,client,yarn,org.apache.hadoop.yarn.server.webproxy.amfilter.AmIpFilter,http://spark:4040,nodemanager1,http://nodemanager1:8088/proxy/application_1557247951444_0007,application_1557247951444_0007,CPU parallel benchmark
sparkpi,14517966833341,46,2061848379,3.1412670056506804,error,250,"","",spark,38743,file:/usr/spark-bench/spark-bench_2.3.0_0.4.0-RELEASE/lib/spark-bench-2.3.0_0.4.0-RELEASE.jar,com.ibm.sparktc.sparkbench.cli.CLIKickoff,driver,client,yarn,org.apache.hadoop.yarn.server.webproxy.amfilter.AmIpFilter,http://spark:4040,nodemanager1,http://nodemanager1:8088/proxy/application_1557247951444_0007,application_1557247951444_0007,CPU parallel benchmark
sparkpi,14520045099230,47,2077344816,3.141174365646975,error,250,"","",spark,38743,file:/usr/spark-bench/spark-bench_2.3.0_0.4.0-RELEASE/lib/spark-bench-2.3.0_0.4.0-RELEASE.jar,com.ibm.sparktc.sparkbench.cli.CLIKickoff,driver,client,yarn,org.apache.hadoop.yarn.server.webproxy.amfilter.AmIpFilter,http://spark:4040,nodemanager1,http://nodemanager1:8088/proxy/application_1557247951444_0007,application_1557247951444_0007,CPU parallel benchmark
sparkpi,14522136024520,48,2070280322,3.141496605659864,error,250,"","",spark,38743,file:/usr/spark-bench/spark-bench_2.3.0_0.4.0-RELEASE/lib/spark-bench-2.3.0_0.4.0-RELEASE.jar,com.ibm.sparktc.sparkbench.cli.CLIKickoff,driver,client,yarn,org.apache.hadoop.yarn.server.webproxy.amfilter.AmIpFilter,http://spark:4040,nodemanager1,http://nodemanager1:8088/proxy/application_1557247951444_0007,application_1557247951444_0007,CPU parallel benchmark
sparkpi,14524220176934,49,2106675511,3.1415900456636017,error,250,"","",spark,38743,file:/usr/spark-bench/spark-bench_2.3.0_0.4.0-RELEASE/lib/spark-bench-2.3.0_0.4.0-RELEASE.jar,com.ibm.sparktc.sparkbench.cli.CLIKickoff,driver,client,yarn,org.apache.hadoop.yarn.server.webproxy.amfilter.AmIpFilter,http://spark:4040,nodemanager1,http://nodemanager1:8088/proxy/application_1557247951444_0007,application_1557247951444_0007,CPU parallel benchmark
sparkpi,14526386574010,50,2094550026,3.1414436456577457,error,250,"","",spark,38743,file:/usr/spark-bench/spark-bench_2.3.0_0.4.0-RELEASE/lib/spark-bench-2.3.0_0.4.0-RELEASE.jar,com.ibm.sparktc.sparkbench.cli.CLIKickoff,driver,client,yarn,org.apache.hadoop.yarn.server.webproxy.amfilter.AmIpFilter,http://spark:4040,nodemanager1,http://nodemanager1:8088/proxy/application_1557247951444_0007,application_1557247951444_0007,CPU parallel benchmark
sparkpi,14528500984508,51,2091909241,3.1418658856746355,error,250,"","",spark,38743,file:/usr/spark-bench/spark-bench_2.3.0_0.4.0-RELEASE/lib/spark-bench-2.3.0_0.4.0-RELEASE.jar,com.ibm.sparktc.sparkbench.cli.CLIKickoff,driver,client,yarn,org.apache.hadoop.yarn.server.webproxy.amfilter.AmIpFilter,http://spark:4040,nodemanager1,http://nodemanager1:8088/proxy/application_1557247951444_0007,application_1557247951444_0007,CPU parallel benchmark
sparkpi,14530613884392,52,2085329383,3.1416330856653234,error,250,"","",spark,38743,file:/usr/spark-bench/spark-bench_2.3.0_0.4.0-RELEASE/lib/spark-bench-2.3.0_0.4.0-RELEASE.jar,com.ibm.sparktc.sparkbench.cli.CLIKickoff,driver,client,yarn,org.apache.hadoop.yarn.server.webproxy.amfilter.AmIpFilter,http://spark:4040,nodemanager1,http://nodemanager1:8088/proxy/application_1557247951444_0007,application_1557247951444_0007,CPU parallel benchmark
sparkpi,14532712100701,53,2081840444,3.141608605664344,error,250,"","",spark,38743,file:/usr/spark-bench/spark-bench_2.3.0_0.4.0-RELEASE/lib/spark-bench-2.3.0_0.4.0-RELEASE.jar,com.ibm.sparktc.sparkbench.cli.CLIKickoff,driver,client,yarn,org.apache.hadoop.yarn.server.webproxy.amfilter.AmIpFilter,http://spark:4040,nodemanager1,http://nodemanager1:8088/proxy/application_1557247951444_0007,application_1557247951444_0007,CPU parallel benchmark
sparkpi,14534849266734,54,2171469204,3.1418812456752496,error,250,"","",spark,38743,file:/usr/spark-bench/spark-bench_2.3.0_0.4.0-RELEASE/lib/spark-bench-2.3.0_0.4.0-RELEASE.jar,com.ibm.sparktc.sparkbench.cli.CLIKickoff,driver,client,yarn,org.apache.hadoop.yarn.server.webproxy.amfilter.AmIpFilter,http://spark:4040,nodemanager1,http://nodemanager1:8088/proxy/application_1557247951444_0007,application_1557247951444_0007,CPU parallel benchmark
sparkpi,14537054560671,55,2375054778,3.1413778856551153,error,250,"","",spark,38743,file:/usr/spark-bench/spark-bench_2.3.0_0.4.0-RELEASE/lib/spark-bench-2.3.0_0.4.0-RELEASE.jar,com.ibm.sparktc.sparkbench.cli.CLIKickoff,driver,client,yarn,org.apache.hadoop.yarn.server.webproxy.amfilter.AmIpFilter,http://spark:4040,nodemanager1,http://nodemanager1:8088/proxy/application_1557247951444_0007,application_1557247951444_0007,CPU parallel benchmark
sparkpi,14539441450364,56,2189141318,3.14193324567733,error,250,"","",spark,38743,file:/usr/spark-bench/spark-bench_2.3.0_0.4.0-RELEASE/lib/spark-bench-2.3.0_0.4.0-RELEASE.jar,com.ibm.sparktc.sparkbench.cli.CLIKickoff,driver,client,yarn,org.apache.hadoop.yarn.server.webproxy.amfilter.AmIpFilter,http://spark:4040,nodemanager1,http://nodemanager1:8088/proxy/application_1557247951444_0007,application_1557247951444_0007,CPU parallel benchmark
sparkpi,14541646195360,57,2320011887,3.1418455656738224,error,250,"","",spark,38743,file:/usr/spark-bench/spark-bench_2.3.0_0.4.0-RELEASE/lib/spark-bench-2.3.0_0.4.0-RELEASE.jar,com.ibm.sparktc.sparkbench.cli.CLIKickoff,driver,client,yarn,org.apache.hadoop.yarn.server.webproxy.amfilter.AmIpFilter,http://spark:4040,nodemanager1,http://nodemanager1:8088/proxy/application_1557247951444_0007,application_1557247951444_0007,CPU parallel benchmark
sparkpi,14544036652456,58,2113725423,3.142012925680517,error,250,"","",spark,38743,file:/usr/spark-bench/spark-bench_2.3.0_0.4.0-RELEASE/lib/spark-bench-2.3.0_0.4.0-RELEASE.jar,com.ibm.sparktc.sparkbench.cli.CLIKickoff,driver,client,yarn,org.apache.hadoop.yarn.server.webproxy.amfilter.AmIpFilter,http://spark:4040,nodemanager1,http://nodemanager1:8088/proxy/application_1557247951444_0007,application_1557247951444_0007,CPU parallel benchmark
sparkpi,14546165910299,59,2077132999,3.1420903656836146,error,250,"","",spark,38743,file:/usr/spark-bench/spark-bench_2.3.0_0.4.0-RELEASE/lib/spark-bench-2.3.0_0.4.0-RELEASE.jar,com.ibm.sparktc.sparkbench.cli.CLIKickoff,driver,client,yarn,org.apache.hadoop.yarn.server.webproxy.amfilter.AmIpFilter,http://spark:4040,nodemanager1,http://nodemanager1:8088/proxy/application_1557247951444_0007,application_1557247951444_0007,CPU parallel benchmark
sparkpi,14548257351830,60,2106414014,3.141775005671,error,250,"","",spark,38743,file:/usr/spark-bench/spark-bench_2.3.0_0.4.0-RELEASE/lib/spark-bench-2.3.0_0.4.0-RELEASE.jar,com.ibm.sparktc.sparkbench.cli.CLIKickoff,driver,client,yarn,org.apache.hadoop.yarn.server.webproxy.amfilter.AmIpFilter,http://spark:4040,nodemanager1,http://nodemanager1:8088/proxy/application_1557247951444_0007,application_1557247951444_0007,CPU parallel benchmark
sparkpi,14550451468586,61,2086243413,3.1420550056822,error,250,"","",spark,38743,file:/usr/spark-bench/spark-bench_2.3.0_0.4.0-RELEASE/lib/spark-bench-2.3.0_0.4.0-RELEASE.jar,com.ibm.sparktc.sparkbench.cli.CLIKickoff,driver,client,yarn,org.apache.hadoop.yarn.server.webproxy.amfilter.AmIpFilter,http://spark:4040,nodemanager1,http://nodemanager1:8088/proxy/application_1557247951444_0007,application_1557247951444_0007,CPU parallel benchmark
sparkpi,14552553893704,62,2071212412,3.1414690856587635,error,250,"","",spark,38743,file:/usr/spark-bench/spark-bench_2.3.0_0.4.0-RELEASE/lib/spark-bench-2.3.0_0.4.0-RELEASE.jar,com.ibm.sparktc.sparkbench.cli.CLIKickoff,driver,client,yarn,org.apache.hadoop.yarn.server.webproxy.amfilter.AmIpFilter,http://spark:4040,nodemanager1,http://nodemanager1:8088/proxy/application_1557247951444_0007,application_1557247951444_0007,CPU parallel benchmark
sparkpi,14554639692603,63,2094662051,3.142173405686936,error,250,"","",spark,38743,file:/usr/spark-bench/spark-bench_2.3.0_0.4.0-RELEASE/lib/spark-bench-2.3.0_0.4.0-RELEASE.jar,com.ibm.sparktc.sparkbench.cli.CLIKickoff,driver,client,yarn,org.apache.hadoop.yarn.server.webproxy.amfilter.AmIpFilter,http://spark:4040,nodemanager1,http://nodemanager1:8088/proxy/application_1557247951444_0007,application_1557247951444_0007,CPU parallel benchmark
sparkpi,14556751297693,64,2133725233,3.141443325657733,error,250,"","",spark,38743,file:/usr/spark-bench/spark-bench_2.3.0_0.4.0-RELEASE/lib/spark-bench-2.3.0_0.4.0-RELEASE.jar,com.ibm.sparktc.sparkbench.cli.CLIKickoff,driver,client,yarn,org.apache.hadoop.yarn.server.webproxy.amfilter.AmIpFilter,http://spark:4040,nodemanager1,http://nodemanager1:8088/proxy/application_1557247951444_0007,application_1557247951444_0007,CPU parallel benchmark
sparkpi,14558942866561,65,2077205888,3.141532125661285,error,250,"","",spark,38743,file:/usr/spark-bench/spark-bench_2.3.0_0.4.0-RELEASE/lib/spark-bench-2.3.0_0.4.0-RELEASE.jar,com.ibm.sparktc.sparkbench.cli.CLIKickoff,driver,client,yarn,org.apache.hadoop.yarn.server.webproxy.amfilter.AmIpFilter,http://spark:4040,nodemanager1,http://nodemanager1:8088/proxy/application_1557247951444_0007,application_1557247951444_0007,CPU parallel benchmark
sparkpi,14561034771206,66,2083306240,3.141596765663871,error,250,"","",spark,38743,file:/usr/spark-bench/spark-bench_2.3.0_0.4.0-RELEASE/lib/spark-bench-2.3.0_0.4.0-RELEASE.jar,com.ibm.sparktc.sparkbench.cli.CLIKickoff,driver,client,yarn,org.apache.hadoop.yarn.server.webproxy.amfilter.AmIpFilter,http://spark:4040,nodemanager1,http://nodemanager1:8088/proxy/application_1557247951444_0007,application_1557247951444_0007,CPU parallel benchmark
sparkpi,14563129998065,67,2078506581,3.141892445675698,error,250,"","",spark,38743,file:/usr/spark-bench/spark-bench_2.3.0_0.4.0-RELEASE/lib/spark-bench-2.3.0_0.4.0-RELEASE.jar,com.ibm.sparktc.sparkbench.cli.CLIKickoff,driver,client,yarn,org.apache.hadoop.yarn.server.webproxy.amfilter.AmIpFilter,http://spark:4040,nodemanager1,http://nodemanager1:8088/proxy/application_1557247951444_0007,application_1557247951444_0007,CPU parallel benchmark
sparkpi,14565221756426,68,2192124457,3.1413350056534,error,250,"","",spark,38743,file:/usr/spark-bench/spark-bench_2.3.0_0.4.0-RELEASE/lib/spark-bench-2.3.0_0.4.0-RELEASE.jar,com.ibm.sparktc.sparkbench.cli.CLIKickoff,driver,client,yarn,org.apache.hadoop.yarn.server.webproxy.amfilter.AmIpFilter,http://spark:4040,nodemanager1,http://nodemanager1:8088/proxy/application_1557247951444_0007,application_1557247951444_0007,CPU parallel benchmark
sparkpi,14567474024761,69,2248562576,3.142210845688434,error,250,"","",spark,38743,file:/usr/spark-bench/spark-bench_2.3.0_0.4.0-RELEASE/lib/spark-bench-2.3.0_0.4.0-RELEASE.jar,com.ibm.sparktc.sparkbench.cli.CLIKickoff,driver,client,yarn,org.apache.hadoop.yarn.server.webproxy.amfilter.AmIpFilter,http://spark:4040,nodemanager1,http://nodemanager1:8088/proxy/application_1557247951444_0007,application_1557247951444_0007,CPU parallel benchmark
sparkpi,14569737987205,70,2179968303,3.14114124564565,error,250,"","",spark,38743,file:/usr/spark-bench/spark-bench_2.3.0_0.4.0-RELEASE/lib/spark-bench-2.3.0_0.4.0-RELEASE.jar,com.ibm.sparktc.sparkbench.cli.CLIKickoff,driver,client,yarn,org.apache.hadoop.yarn.server.webproxy.amfilter.AmIpFilter,http://spark:4040,nodemanager1,http://nodemanager1:8088/proxy/application_1557247951444_0007,application_1557247951444_0007,CPU parallel benchmark
sparkpi,14571938739430,71,2166234539,3.1418015656720626,error,250,"","",spark,38743,file:/usr/spark-bench/spark-bench_2.3.0_0.4.0-RELEASE/lib/spark-bench-2.3.0_0.4.0-RELEASE.jar,com.ibm.sparktc.sparkbench.cli.CLIKickoff,driver,client,yarn,org.apache.hadoop.yarn.server.webproxy.amfilter.AmIpFilter,http://spark:4040,nodemanager1,http://nodemanager1:8088/proxy/application_1557247951444_0007,application_1557247951444_0007,CPU parallel benchmark
sparkpi,14574124264135,72,2099696926,3.1412823656512945,error,250,"","",spark,38743,file:/usr/spark-bench/spark-bench_2.3.0_0.4.0-RELEASE/lib/spark-bench-2.3.0_0.4.0-RELEASE.jar,com.ibm.sparktc.sparkbench.cli.CLIKickoff,driver,client,yarn,org.apache.hadoop.yarn.server.webproxy.amfilter.AmIpFilter,http://spark:4040,nodemanager1,http://nodemanager1:8088/proxy/application_1557247951444_0007,application_1557247951444_0007,CPU parallel benchmark
sparkpi,14576275921551,73,2049795487,3.1411898856475955,error,250,"","",spark,38743,file:/usr/spark-bench/spark-bench_2.3.0_0.4.0-RELEASE/lib/spark-bench-2.3.0_0.4.0-RELEASE.jar,com.ibm.sparktc.sparkbench.cli.CLIKickoff,driver,client,yarn,org.apache.hadoop.yarn.server.webproxy.amfilter.AmIpFilter,http://spark:4040,nodemanager1,http://nodemanager1:8088/proxy/application_1557247951444_0007,application_1557247951444_0007,CPU parallel benchmark
sparkpi,14578343368933,74,2101093998,3.141275485651019,error,250,"","",spark,38743,file:/usr/spark-bench/spark-bench_2.3.0_0.4.0-RELEASE/lib/spark-bench-2.3.0_0.4.0-RELEASE.jar,com.ibm.sparktc.sparkbench.cli.CLIKickoff,driver,client,yarn,org.apache.hadoop.yarn.server.webproxy.amfilter.AmIpFilter,http://spark:4040,nodemanager1,http://nodemanager1:8088/proxy/application_1557247951444_0007,application_1557247951444_0007,CPU parallel benchmark
sparkpi,14580458047256,75,2199191332,3.1415143656605746,error,250,"","",spark,38743,file:/usr/spark-bench/spark-bench_2.3.0_0.4.0-RELEASE/lib/spark-bench-2.3.0_0.4.0-RELEASE.jar,com.ibm.sparktc.sparkbench.cli.CLIKickoff,driver,client,yarn,org.apache.hadoop.yarn.server.webproxy.amfilter.AmIpFilter,http://spark:4040,nodemanager1,http://nodemanager1:8088/proxy/application_1557247951444_0007,application_1557247951444_0007,CPU parallel benchmark
sparkpi,14582749044626,76,2127509207,3.1415622056624883,error,250,"","",spark,38743,file:/usr/spark-bench/spark-bench_2.3.0_0.4.0-RELEASE/lib/spark-bench-2.3.0_0.4.0-RELEASE.jar,com.ibm.sparktc.sparkbench.cli.CLIKickoff,driver,client,yarn,org.apache.hadoop.yarn.server.webproxy.amfilter.AmIpFilter,http://spark:4040,nodemanager1,http://nodemanager1:8088/proxy/application_1557247951444_0007,application_1557247951444_0007,CPU parallel benchmark
sparkpi,14584891321958,77,2016456445,3.141728125669125,error,250,"","",spark,38743,file:/usr/spark-bench/spark-bench_2.3.0_0.4.0-RELEASE/lib/spark-bench-2.3.0_0.4.0-RELEASE.jar,com.ibm.sparktc.sparkbench.cli.CLIKickoff,driver,client,yarn,org.apache.hadoop.yarn.server.webproxy.amfilter.AmIpFilter,http://spark:4040,nodemanager1,http://nodemanager1:8088/proxy/application_1557247951444_0007,application_1557247951444_0007,CPU parallel benchmark
sparkpi,14586921176504,78,2097715022,3.1415671656626865,error,250,"","",spark,38743,file:/usr/spark-bench/spark-bench_2.3.0_0.4.0-RELEASE/lib/spark-bench-2.3.0_0.4.0-RELEASE.jar,com.ibm.sparktc.sparkbench.cli.CLIKickoff,driver,client,yarn,org.apache.hadoop.yarn.server.webproxy.amfilter.AmIpFilter,http://spark:4040,nodemanager1,http://nodemanager1:8088/proxy/application_1557247951444_0007,application_1557247951444_0007,CPU parallel benchmark
sparkpi,14589030263979,79,2033216226,3.1418034856721393,error,250,"","",spark,38743,file:/usr/spark-bench/spark-bench_2.3.0_0.4.0-RELEASE/lib/spark-bench-2.3.0_0.4.0-RELEASE.jar,com.ibm.sparktc.sparkbench.cli.CLIKickoff,driver,client,yarn,org.apache.hadoop.yarn.server.webproxy.amfilter.AmIpFilter,http://spark:4040,nodemanager1,http://nodemanager1:8088/proxy/application_1557247951444_0007,application_1557247951444_0007,CPU parallel benchmark
sparkpi,14591118143377,80,2143912040,3.141765405670616,error,250,"","",spark,38743,file:/usr/spark-bench/spark-bench_2.3.0_0.4.0-RELEASE/lib/spark-bench-2.3.0_0.4.0-RELEASE.jar,com.ibm.sparktc.sparkbench.cli.CLIKickoff,driver,client,yarn,org.apache.hadoop.yarn.server.webproxy.amfilter.AmIpFilter,http://spark:4040,nodemanager1,http://nodemanager1:8088/proxy/application_1557247951444_0007,application_1557247951444_0007,CPU parallel benchmark
sparkpi,14593276276846,81,2132771669,3.141940605677624,error,250,"","",spark,38743,file:/usr/spark-bench/spark-bench_2.3.0_0.4.0-RELEASE/lib/spark-bench-2.3.0_0.4.0-RELEASE.jar,com.ibm.sparktc.sparkbench.cli.CLIKickoff,driver,client,yarn,org.apache.hadoop.yarn.server.webproxy.amfilter.AmIpFilter,http://spark:4040,nodemanager1,http://nodemanager1:8088/proxy/application_1557247951444_0007,application_1557247951444_0007,CPU parallel benchmark
sparkpi,14595424126149,82,2312128672,3.1413727656549106,error,250,"","",spark,38743,file:/usr/spark-bench/spark-bench_2.3.0_0.4.0-RELEASE/lib/spark-bench-2.3.0_0.4.0-RELEASE.jar,com.ibm.sparktc.sparkbench.cli.CLIKickoff,driver,client,yarn,org.apache.hadoop.yarn.server.webproxy.amfilter.AmIpFilter,http://spark:4040,nodemanager1,http://nodemanager1:8088/proxy/application_1557247951444_0007,application_1557247951444_0007,CPU parallel benchmark
sparkpi,14597833187162,83,2396726058,3.1411660456466417,error,250,"","",spark,38743,file:/usr/spark-bench/spark-bench_2.3.0_0.4.0-RELEASE/lib/spark-bench-2.3.0_0.4.0-RELEASE.jar,com.ibm.sparktc.sparkbench.cli.CLIKickoff,driver,client,yarn,org.apache.hadoop.yarn.server.webproxy.amfilter.AmIpFilter,http://spark:4040,nodemanager1,http://nodemanager1:8088/proxy/application_1557247951444_0007,application_1557247951444_0007,CPU parallel benchmark
sparkpi,14600247640962,84,2379635255,3.1408823656352944,error,250,"","",spark,38743,file:/usr/spark-bench/spark-bench_2.3.0_0.4.0-RELEASE/lib/spark-bench-2.3.0_0.4.0-RELEASE.jar,com.ibm.sparktc.sparkbench.cli.CLIKickoff,driver,client,yarn,org.apache.hadoop.yarn.server.webproxy.amfilter.AmIpFilter,http://spark:4040,nodemanager1,http://nodemanager1:8088/proxy/application_1557247951444_0007,application_1557247951444_0007,CPU parallel benchmark
sparkpi,14602640073821,85,2353686644,3.142059805682392,error,250,"","",spark,38743,file:/usr/spark-bench/spark-bench_2.3.0_0.4.0-RELEASE/lib/spark-bench-2.3.0_0.4.0-RELEASE.jar,com.ibm.sparktc.sparkbench.cli.CLIKickoff,driver,client,yarn,org.apache.hadoop.yarn.server.webproxy.amfilter.AmIpFilter,http://spark:4040,nodemanager1,http://nodemanager1:8088/proxy/application_1557247951444_0007,application_1557247951444_0007,CPU parallel benchmark
sparkpi,14605012183746,86,2122038661,3.141522525660901,error,250,"","",spark,38743,file:/usr/spark-bench/spark-bench_2.3.0_0.4.0-RELEASE/lib/spark-bench-2.3.0_0.4.0-RELEASE.jar,com.ibm.sparktc.sparkbench.cli.CLIKickoff,driver,client,yarn,org.apache.hadoop.yarn.server.webproxy.amfilter.AmIpFilter,http://spark:4040,nodemanager1,http://nodemanager1:8088/proxy/application_1557247951444_0007,application_1557247951444_0007,CPU parallel benchmark
sparkpi,14607183342574,87,2010491436,3.1414692456587696,error,250,"","",spark,38743,file:/usr/spark-bench/spark-bench_2.3.0_0.4.0-RELEASE/lib/spark-bench-2.3.0_0.4.0-RELEASE.jar,com.ibm.sparktc.sparkbench.cli.CLIKickoff,driver,client,yarn,org.apache.hadoop.yarn.server.webproxy.amfilter.AmIpFilter,http://spark:4040,nodemanager1,http://nodemanager1:8088/proxy/application_1557247951444_0007,application_1557247951444_0007,CPU parallel benchmark
sparkpi,14609207002340,88,2003173906,3.141546045661842,error,250,"","",spark,38743,file:/usr/spark-bench/spark-bench_2.3.0_0.4.0-RELEASE/lib/spark-bench-2.3.0_0.4.0-RELEASE.jar,com.ibm.sparktc.sparkbench.cli.CLIKickoff,driver,client,yarn,org.apache.hadoop.yarn.server.webproxy.amfilter.AmIpFilter,http://spark:4040,nodemanager1,http://nodemanager1:8088/proxy/application_1557247951444_0007,application_1557247951444_0007,CPU parallel benchmark
sparkpi,14611223631948,89,2023059642,3.1414660456586416,error,250,"","",spark,38743,file:/usr/spark-bench/spark-bench_2.3.0_0.4.0-RELEASE/lib/spark-bench-2.3.0_0.4.0-RELEASE.jar,com.ibm.sparktc.sparkbench.cli.CLIKickoff,driver,client,yarn,org.apache.hadoop.yarn.server.webproxy.amfilter.AmIpFilter,http://spark:4040,nodemanager1,http://nodemanager1:8088/proxy/application_1557247951444_0007,application_1557247951444_0007,CPU parallel benchmark
sparkpi,14613295745643,90,2060723832,3.1413623656544947,error,250,"","",spark,38743,file:/usr/spark-bench/spark-bench_2.3.0_0.4.0-RELEASE/lib/spark-bench-2.3.0_0.4.0-RELEASE.jar,com.ibm.sparktc.sparkbench.cli.CLIKickoff,driver,client,yarn,org.apache.hadoop.yarn.server.webproxy.amfilter.AmIpFilter,http://spark:4040,nodemanager1,http://nodemanager1:8088/proxy/application_1557247951444_0007,application_1557247951444_0007,CPU parallel benchmark
sparkpi,14615368618383,91,2087215994,3.1420108456804337,error,250,"","",spark,38743,file:/usr/spark-bench/spark-bench_2.3.0_0.4.0-RELEASE/lib/spark-bench-2.3.0_0.4.0-RELEASE.jar,com.ibm.sparktc.sparkbench.cli.CLIKickoff,driver,client,yarn,org.apache.hadoop.yarn.server.webproxy.amfilter.AmIpFilter,http://spark:4040,nodemanager1,http://nodemanager1:8088/proxy/application_1557247951444_0007,application_1557247951444_0007,CPU parallel benchmark
sparkpi,14617475147099,92,2098663414,3.141554525662181,error,250,"","",spark,38743,file:/usr/spark-bench/spark-bench_2.3.0_0.4.0-RELEASE/lib/spark-bench-2.3.0_0.4.0-RELEASE.jar,com.ibm.sparktc.sparkbench.cli.CLIKickoff,driver,client,yarn,org.apache.hadoop.yarn.server.webproxy.amfilter.AmIpFilter,http://spark:4040,nodemanager1,http://nodemanager1:8088/proxy/application_1557247951444_0007,application_1557247951444_0007,CPU parallel benchmark
sparkpi,14619623002671,93,2063099901,3.1413190056527602,error,250,"","",spark,38743,file:/usr/spark-bench/spark-bench_2.3.0_0.4.0-RELEASE/lib/spark-bench-2.3.0_0.4.0-RELEASE.jar,com.ibm.sparktc.sparkbench.cli.CLIKickoff,driver,client,yarn,org.apache.hadoop.yarn.server.webproxy.amfilter.AmIpFilter,http://spark:4040,nodemanager1,http://nodemanager1:8088/proxy/application_1557247951444_0007,application_1557247951444_0007,CPU parallel benchmark
sparkpi,14621696151219,94,2053828947,3.141665405666616,error,250,"","",spark,38743,file:/usr/spark-bench/spark-bench_2.3.0_0.4.0-RELEASE/lib/spark-bench-2.3.0_0.4.0-RELEASE.jar,com.ibm.sparktc.sparkbench.cli.CLIKickoff,driver,client,yarn,org.apache.hadoop.yarn.server.webproxy.amfilter.AmIpFilter,http://spark:4040,nodemanager1,http://nodemanager1:8088/proxy/application_1557247951444_0007,application_1557247951444_0007,CPU parallel benchmark
sparkpi,14623759793254,95,2070028764,3.1417047656681905,error,250,"","",spark,38743,file:/usr/spark-bench/spark-bench_2.3.0_0.4.0-RELEASE/lib/spark-bench-2.3.0_0.4.0-RELEASE.jar,com.ibm.sparktc.sparkbench.cli.CLIKickoff,driver,client,yarn,org.apache.hadoop.yarn.server.webproxy.amfilter.AmIpFilter,http://spark:4040,nodemanager1,http://nodemanager1:8088/proxy/application_1557247951444_0007,application_1557247951444_0007,CPU parallel benchmark
sparkpi,14625892369176,96,2082434774,3.1414502056580083,error,250,"","",spark,38743,file:/usr/spark-bench/spark-bench_2.3.0_0.4.0-RELEASE/lib/spark-bench-2.3.0_0.4.0-RELEASE.jar,com.ibm.sparktc.sparkbench.cli.CLIKickoff,driver,client,yarn,org.apache.hadoop.yarn.server.webproxy.amfilter.AmIpFilter,http://spark:4040,nodemanager1,http://nodemanager1:8088/proxy/application_1557247951444_0007,application_1557247951444_0007,CPU parallel benchmark
sparkpi,14627988420220,97,2099682402,3.1419575656783025,error,250,"","",spark,38743,file:/usr/spark-bench/spark-bench_2.3.0_0.4.0-RELEASE/lib/spark-bench-2.3.0_0.4.0-RELEASE.jar,com.ibm.sparktc.sparkbench.cli.CLIKickoff,driver,client,yarn,org.apache.hadoop.yarn.server.webproxy.amfilter.AmIpFilter,http://spark:4040,nodemanager1,http://nodemanager1:8088/proxy/application_1557247951444_0007,application_1557247951444_0007,CPU parallel benchmark
sparkpi,14630099753296,98,2094052860,3.1415958056638322,error,250,"","",spark,38743,file:/usr/spark-bench/spark-bench_2.3.0_0.4.0-RELEASE/lib/spark-bench-2.3.0_0.4.0-RELEASE.jar,com.ibm.sparktc.sparkbench.cli.CLIKickoff,driver,client,yarn,org.apache.hadoop.yarn.server.webproxy.amfilter.AmIpFilter,http://spark:4040,nodemanager1,http://nodemanager1:8088/proxy/application_1557247951444_0007,application_1557247951444_0007,CPU parallel benchmark
sparkpi,14632247071738,99,2053945710,3.1417775656711027,error,250,"","",spark,38743,file:/usr/spark-bench/spark-bench_2.3.0_0.4.0-RELEASE/lib/spark-bench-2.3.0_0.4.0-RELEASE.jar,com.ibm.sparktc.sparkbench.cli.CLIKickoff,driver,client,yarn,org.apache.hadoop.yarn.server.webproxy.amfilter.AmIpFilter,http://spark:4040,nodemanager1,http://nodemanager1:8088/proxy/application_1557247951444_0007,application_1557247951444_0007,CPU parallel benchmark
sparkpi,14634312833916,100,2069777469,3.1415762856630516,error,250,"","",spark,38743,file:/usr/spark-bench/spark-bench_2.3.0_0.4.0-RELEASE/lib/spark-bench-2.3.0_0.4.0-RELEASE.jar,com.ibm.sparktc.sparkbench.cli.CLIKickoff,driver,client,yarn,org.apache.hadoop.yarn.server.webproxy.amfilter.AmIpFilter,http://spark:4040,nodemanager1,http://nodemanager1:8088/proxy/application_1557247951444_0007,application_1557247951444_0007,CPU parallel benchmark
sparkpi,14636397579200,101,2054042542,3.141670525666821,error,250,"","",spark,38743,file:/usr/spark-bench/spark-bench_2.3.0_0.4.0-RELEASE/lib/spark-bench-2.3.0_0.4.0-RELEASE.jar,com.ibm.sparktc.sparkbench.cli.CLIKickoff,driver,client,yarn,org.apache.hadoop.yarn.server.webproxy.amfilter.AmIpFilter,http://spark:4040,nodemanager1,http://nodemanager1:8088/proxy/application_1557247951444_0007,application_1557247951444_0007,CPU parallel benchmark
sparkpi,14638503196765,102,2071090857,3.1420730856829233,error,250,"","",spark,38743,file:/usr/spark-bench/spark-bench_2.3.0_0.4.0-RELEASE/lib/spark-bench-2.3.0_0.4.0-RELEASE.jar,com.ibm.sparktc.sparkbench.cli.CLIKickoff,driver,client,yarn,org.apache.hadoop.yarn.server.webproxy.amfilter.AmIpFilter,http://spark:4040,nodemanager1,http://nodemanager1:8088/proxy/application_1557247951444_0007,application_1557247951444_0007,CPU parallel benchmark
sparkpi,14640593372126,103,2066317485,3.1412954856518196,error,250,"","",spark,38743,file:/usr/spark-bench/spark-bench_2.3.0_0.4.0-RELEASE/lib/spark-bench-2.3.0_0.4.0-RELEASE.jar,com.ibm.sparktc.sparkbench.cli.CLIKickoff,driver,client,yarn,org.apache.hadoop.yarn.server.webproxy.amfilter.AmIpFilter,http://spark:4040,nodemanager1,http://nodemanager1:8088/proxy/application_1557247951444_0007,application_1557247951444_0007,CPU parallel benchmark
sparkpi,14642673237842,104,2037254450,3.142355805694232,error,250,"","",spark,38743,file:/usr/spark-bench/spark-bench_2.3.0_0.4.0-RELEASE/lib/spark-bench-2.3.0_0.4.0-RELEASE.jar,com.ibm.sparktc.sparkbench.cli.CLIKickoff,driver,client,yarn,org.apache.hadoop.yarn.server.webproxy.amfilter.AmIpFilter,http://spark:4040,nodemanager1,http://nodemanager1:8088/proxy/application_1557247951444_0007,application_1557247951444_0007,CPU parallel benchmark
sparkpi,14644769854244,105,2025685952,3.1411194856447793,error,250,"","",spark,38743,file:/usr/spark-bench/spark-bench_2.3.0_0.4.0-RELEASE/lib/spark-bench-2.3.0_0.4.0-RELEASE.jar,com.ibm.sparktc.sparkbench.cli.CLIKickoff,driver,client,yarn,org.apache.hadoop.yarn.server.webproxy.amfilter.AmIpFilter,http://spark:4040,nodemanager1,http://nodemanager1:8088/proxy/application_1557247951444_0007,application_1557247951444_0007,CPU parallel benchmark
sparkpi,14646807216229,106,2023875292,3.1415194856607793,error,250,"","",spark,38743,file:/usr/spark-bench/spark-bench_2.3.0_0.4.0-RELEASE/lib/spark-bench-2.3.0_0.4.0-RELEASE.jar,com.ibm.sparktc.sparkbench.cli.CLIKickoff,driver,client,yarn,org.apache.hadoop.yarn.server.webproxy.amfilter.AmIpFilter,http://spark:4040,nodemanager1,http://nodemanager1:8088/proxy/application_1557247951444_0007,application_1557247951444_0007,CPU parallel benchmark
sparkpi,14648885454587,107,2071120636,3.141621405664856,error,250,"","",spark,38743,file:/usr/spark-bench/spark-bench_2.3.0_0.4.0-RELEASE/lib/spark-bench-2.3.0_0.4.0-RELEASE.jar,com.ibm.sparktc.sparkbench.cli.CLIKickoff,driver,client,yarn,org.apache.hadoop.yarn.server.webproxy.amfilter.AmIpFilter,http://spark:4040,nodemanager1,http://nodemanager1:8088/proxy/application_1557247951444_0007,application_1557247951444_0007,CPU parallel benchmark
sparkpi,14650968327615,108,2016490146,3.1413730856549233,error,250,"","",spark,38743,file:/usr/spark-bench/spark-bench_2.3.0_0.4.0-RELEASE/lib/spark-bench-2.3.0_0.4.0-RELEASE.jar,com.ibm.sparktc.sparkbench.cli.CLIKickoff,driver,client,yarn,org.apache.hadoop.yarn.server.webproxy.amfilter.AmIpFilter,http://spark:4040,nodemanager1,http://nodemanager1:8088/proxy/application_1557247951444_0007,application_1557247951444_0007,CPU parallel benchmark
sparkpi,14652994656773,109,2050619244,3.141519325660773,error,250,"","",spark,38743,file:/usr/spark-bench/spark-bench_2.3.0_0.4.0-RELEASE/lib/spark-bench-2.3.0_0.4.0-RELEASE.jar,com.ibm.sparktc.sparkbench.cli.CLIKickoff,driver,client,yarn,org.apache.hadoop.yarn.server.webproxy.amfilter.AmIpFilter,http://spark:4040,nodemanager1,http://nodemanager1:8088/proxy/application_1557247951444_0007,application_1557247951444_0007,CPU parallel benchmark
sparkpi,14655102861809,110,2333666658,3.141619805664792,error,250,"","",spark,38743,file:/usr/spark-bench/spark-bench_2.3.0_0.4.0-RELEASE/lib/spark-bench-2.3.0_0.4.0-RELEASE.jar,com.ibm.sparktc.sparkbench.cli.CLIKickoff,driver,client,yarn,org.apache.hadoop.yarn.server.webproxy.amfilter.AmIpFilter,http://spark:4040,nodemanager1,http://nodemanager1:8088/proxy/application_1557247951444_0007,application_1557247951444_0007,CPU parallel benchmark
sparkpi,14657456756229,111,2195044562,3.141172125646885,error,250,"","",spark,38743,file:/usr/spark-bench/spark-bench_2.3.0_0.4.0-RELEASE/lib/spark-bench-2.3.0_0.4.0-RELEASE.jar,com.ibm.sparktc.sparkbench.cli.CLIKickoff,driver,client,yarn,org.apache.hadoop.yarn.server.webproxy.amfilter.AmIpFilter,http://spark:4040,nodemanager1,http://nodemanager1:8088/proxy/application_1557247951444_0007,application_1557247951444_0007,CPU parallel benchmark
sparkpi,14659744513822,112,2372599084,3.141452925658117,error,250,"","",spark,38743,file:/usr/spark-bench/spark-bench_2.3.0_0.4.0-RELEASE/lib/spark-bench-2.3.0_0.4.0-RELEASE.jar,com.ibm.sparktc.sparkbench.cli.CLIKickoff,driver,client,yarn,org.apache.hadoop.yarn.server.webproxy.amfilter.AmIpFilter,http://spark:4040,nodemanager1,http://nodemanager1:8088/proxy/application_1557247951444_0007,application_1557247951444_0007,CPU parallel benchmark
sparkpi,14662141100341,113,2259534260,3.140774205630968,error,250,"","",spark,38743,file:/usr/spark-bench/spark-bench_2.3.0_0.4.0-RELEASE/lib/spark-bench-2.3.0_0.4.0-RELEASE.jar,com.ibm.sparktc.sparkbench.cli.CLIKickoff,driver,client,yarn,org.apache.hadoop.yarn.server.webproxy.amfilter.AmIpFilter,http://spark:4040,nodemanager1,http://nodemanager1:8088/proxy/application_1557247951444_0007,application_1557247951444_0007,CPU parallel benchmark
sparkpi,14664415754616,114,2315184708,3.141596925663877,error,250,"","",spark,38743,file:/usr/spark-bench/spark-bench_2.3.0_0.4.0-RELEASE/lib/spark-bench-2.3.0_0.4.0-RELEASE.jar,com.ibm.sparktc.sparkbench.cli.CLIKickoff,driver,client,yarn,org.apache.hadoop.yarn.server.webproxy.amfilter.AmIpFilter,http://spark:4040,nodemanager1,http://nodemanager1:8088/proxy/application_1557247951444_0007,application_1557247951444_0007,CPU parallel benchmark
sparkpi,14666810088819,115,2217242898,3.1418078056723124,error,250,"","",spark,38743,file:/usr/spark-bench/spark-bench_2.3.0_0.4.0-RELEASE/lib/spark-bench-2.3.0_0.4.0-RELEASE.jar,com.ibm.sparktc.sparkbench.cli.CLIKickoff,driver,client,yarn,org.apache.hadoop.yarn.server.webproxy.amfilter.AmIpFilter,http://spark:4040,nodemanager1,http://nodemanager1:8088/proxy/application_1557247951444_0007,application_1557247951444_0007,CPU parallel benchmark
sparkpi,14669039402114,116,2061177046,3.1410865256434612,error,250,"","",spark,38743,file:/usr/spark-bench/spark-bench_2.3.0_0.4.0-RELEASE/lib/spark-bench-2.3.0_0.4.0-RELEASE.jar,com.ibm.sparktc.sparkbench.cli.CLIKickoff,driver,client,yarn,org.apache.hadoop.yarn.server.webproxy.amfilter.AmIpFilter,http://spark:4040,nodemanager1,http://nodemanager1:8088/proxy/application_1557247951444_0007,application_1557247951444_0007,CPU parallel benchmark
sparkpi,14671154992767,117,2042681946,3.141484605659384,error,250,"","",spark,38743,file:/usr/spark-bench/spark-bench_2.3.0_0.4.0-RELEASE/lib/spark-bench-2.3.0_0.4.0-RELEASE.jar,com.ibm.sparktc.sparkbench.cli.CLIKickoff,driver,client,yarn,org.apache.hadoop.yarn.server.webproxy.amfilter.AmIpFilter,http://spark:4040,nodemanager1,http://nodemanager1:8088/proxy/application_1557247951444_0007,application_1557247951444_0007,CPU parallel benchmark
sparkpi,14673208468227,118,2064046591,3.141798845671954,error,250,"","",spark,38743,file:/usr/spark-bench/spark-bench_2.3.0_0.4.0-RELEASE/lib/spark-bench-2.3.0_0.4.0-RELEASE.jar,com.ibm.sparktc.sparkbench.cli.CLIKickoff,driver,client,yarn,org.apache.hadoop.yarn.server.webproxy.amfilter.AmIpFilter,http://spark:4040,nodemanager1,http://nodemanager1:8088/proxy/application_1557247951444_0007,application_1557247951444_0007,CPU parallel benchmark
sparkpi,14675283884956,119,2114880348,3.1415810856632436,error,250,"","",spark,38743,file:/usr/spark-bench/spark-bench_2.3.0_0.4.0-RELEASE/lib/spark-bench-2.3.0_0.4.0-RELEASE.jar,com.ibm.sparktc.sparkbench.cli.CLIKickoff,driver,client,yarn,org.apache.hadoop.yarn.server.webproxy.amfilter.AmIpFilter,http://spark:4040,nodemanager1,http://nodemanager1:8088/proxy/application_1557247951444_0007,application_1557247951444_0007,CPU parallel benchmark
